name,age,street,city,state,zip,lng,lat
Ellen Williams,55,5527 Smith Meadow Suite 202,North Michelle,Wisconsin,94215,-165.701661,-62.6391815
Stephen Luna,20,49927 Dylan Groves,Port Jennifer,Indiana,06804,57.865652,30.7674485
Henry Cook,57,50410 Susan Forks Suite 493,East Christinehaven,North Carolina,41619,167.802722,-2.164819
John Rice,33,0826 Sharp Track,Clarkburgh,Oregon,68619,39.963860,-53.5757465
Lisa Bridges,60,4935 Winters Fork,New Eric,Ohio,99264,21.883230,26.0356095
Gabriel Stuart,20,67953 Rita Bypass,Thompsonmouth,Idaho,74722,76.230262,-44.3293665
Dawn Morgan,61,52781 Ramirez Meadow Suite 902,East Brittany,Hawaii,37802,21.522106,75.4879125
Brent Leonard,58,903 Kimberly Court,New Donaldside,New Mexico,25823,-93.842962,56.689910
Nicolas Mitchell,38,27813 Connie Row Suite 505,Michaelhaven,Georgia,22858,108.678180,-69.9645075
Alexander Schmidt,54,05329 Martin Summit Suite 778,South Matthewton,Hawaii,94522,-173.752479,-80.242398
Timothy Wilkins,29,72811 Gonzales Vista,Port Erikahaven,California,51252,-138.111372,-79.2633275
Megan Moss PhD,57,7969 Katie Fort,Stevenshire,Hawaii,04562,18.259958,-65.476536
Wayne Hall,33,32158 Young Port Apt. 589,West Amy,New Hampshire,60338,68.313211,45.2907185
John Henderson,75,3853 Christopher Summit,Lake Jasonville,Minnesota,06458,-110.588975,-77.0137545
Hailey Hicks,56,00245 Brad Trafficway,West Coltonburgh,Colorado,73732,-1.612372,36.552816
Kevin Miles,32,8796 Carter Flat Apt. 054,North Tracy,Oregon,28989,-177.818986,-23.9738675
Melissa Clay DDS,45,1677 Christopher Underpass Suite 863,North Margaretfurt,Wyoming,75413,176.178231,38.9738495
Stacy Tyler,18,9920 Thomas Fields,Jacquelineburgh,Washington,81413,134.940413,-48.908946
Michael Burke,71,6212 Fisher Station,East Karen,Mississippi,31091,173.981436,29.9164485
John Moore,19,9245 Carolyn Tunnel Suite 679,Katherinechester,Maine,20764,98.680246,-41.170525
Randall Blair,29,487 Alexander Road Apt. 581,East Rachel,Kentucky,57222,125.181718,49.857670
Matthew Atkinson,30,01629 Tammy Green Suite 969,South Adammouth,Wyoming,59194,-40.997285,45.3047895
Debra Cox,37,056 Robbins Corner,East Craighaven,Nevada,83442,-1.686244,-12.3928465
Latoya Washington,65,186 Robert Stream Apt. 873,Morganville,West Virginia,53042,-73.396006,-33.246537
Mr. Randy Young DVM,63,3431 Joshua Creek Apt. 590,Davidsonhaven,Indiana,14950,152.938260,45.001569
Kelly Wong,62,535 Melissa Port,Williamsland,Utah,09112,115.182530,-26.2726825
Amber Kelley,32,462 Craig Circle Apt. 272,New Davidmouth,Louisiana,15694,-78.687174,-7.163526
Roger Hendricks,18,82579 Gould Divide,East Blake,Mississippi,40611,110.491304,62.651034
Michelle Morgan,29,37569 Rojas Common,Sandraport,Oklahoma,92754,-149.424319,40.893121
Harry Leonard,66,0356 Scott Light,North Rachel,Washington,37779,120.266279,83.613505
Amanda Fuller,38,880 April Brooks Suite 279,Smithton,New Jersey,42335,156.592888,-9.1060525
Laura Smith,45,04416 Curtis Dam Apt. 852,Adamburgh,Ohio,54988,164.746139,-24.736367
Barbara Perkins,49,408 Steven Station Apt. 882,New Christinaview,Iowa,73591,25.768201,48.300027
Gina Morgan,58,340 Nash Extensions,New Ashlee,Virginia,73889,101.076046,15.949381
Morgan Pena,26,167 Taylor Shore Apt. 207,East Louismouth,Minnesota,86067,-149.151737,13.496051
Michael Lane,73,2655 Wilson Trail Suite 051,Fischertown,Montana,75757,121.092604,51.0111725
Anthony Mooney,72,9865 Marc Lake Apt. 961,Melodystad,Louisiana,41029,-134.696492,-23.6375315
Regina Obrien,32,4385 Smith Viaduct,Abbotttown,Arizona,25230,-22.849409,22.477396
Christopher Park,32,33488 Crawford Summit,Wolfeberg,Illinois,48439,100.231198,-11.5667375
Rhonda Atkins,63,482 Benjamin Meadows Suite 693,Wardland,Alabama,78199,-22.715723,-78.261342
Elaine Case,75,7078 Price Ferry Apt. 145,New Lisa,West Virginia,69292,-43.762782,83.1241195
Luke Riley,43,2087 Henderson Garden,East Reneeberg,Alaska,96009,99.079021,61.0706475
Shawn Cole,78,3407 Tyler Ports Apt. 190,New Timothy,Texas,01147,-40.081415,-45.730998
Melissa Gray,72,017 Williams Row Suite 881,North Tony,Montana,34951,-120.742279,76.1948355
Cesar Mullins,43,5484 White Island,West Martha,Texas,96709,-57.821093,85.4822295
Allison Hughes,62,8249 Hancock Alley Apt. 904,Jacquelineland,Virginia,93287,166.778801,-9.149226
Rachel Norman,47,32347 Sean Green Apt. 269,Lake Michaelstad,Alaska,24756,52.052556,-38.1051775
Sarah Hall,30,6750 Morgan Villages Apt. 603,Masseyton,Michigan,14191,62.279225,35.2908645
Alex Stewart,50,58394 Courtney Summit Apt. 252,Berrymouth,Rhode Island,58665,-9.253951,49.651181
Scott Gomez,53,9875 Mitchell Pike Suite 960,Watersside,Illinois,89801,-26.339217,-25.6010215
Crystal Frye,19,990 Angela Junction Apt. 172,Port Nicholas,Massachusetts,77297,86.263671,37.6096575
Ian Mullins,33,735 Grant Vista,New Mitchelltown,Kansas,16721,81.276808,-18.250825
Michelle Williams,22,9018 English Villages Suite 159,West Jesse,Florida,92642,109.165837,84.4227365
Deborah Young,30,504 Julia Landing,Lake Brandon,Texas,70969,-163.355699,29.5086035
Emily Yang,80,07920 Ortiz Meadow,North Anthony,Oklahoma,27265,174.942145,-80.735129
Charles Mclean,49,6334 Kayla Junction Apt. 500,West Samanthafort,Arizona,84122,-42.408376,-73.144592
Cody Page,36,23590 Maria Isle Suite 771,New Taraville,Minnesota,55678,-42.024948,-82.8364675
Aaron Ellis,47,2651 Jackson Fork Suite 932,Escobartown,Virginia,99181,-135.216808,-1.092325
Anthony Evans,25,24586 Holloway Garden Suite 684,Baldwinbury,Michigan,29014,-158.678811,15.7263405
Aaron Grant,23,2875 Armstrong Rapid Suite 186,East Keithland,Rhode Island,66491,103.084531,24.208232
Elizabeth Roberts,37,47286 Norton Burg Suite 180,West Kyle,Wisconsin,88953,24.291770,9.2221255
Nicole Hall,20,17006 Nguyen Lodge,South Brandon,Kansas,51309,-99.382740,-16.759038
Billy Simpson,48,3078 Novak Run,Delgadobury,Washington,23463,-164.162831,-7.5608795
Zachary Lane,76,5455 Terry Drives,Millerbury,New Jersey,60027,37.284119,-38.5482485
Andrew Harrington,28,0147 Ashley Station,New Matthew,New Mexico,20629,-25.106134,-75.951648
Wayne Newman,57,0050 Laura Springs Suite 525,Davenportberg,Virginia,07678,147.070606,-64.9694635
Sydney Stewart,55,78591 William Road Apt. 683,Lake Danielleton,Nevada,10189,-123.312393,80.836295
Christopher Chen,30,3797 Case Heights,Lake John,South Dakota,43355,-110.604015,-78.538330
Anthony Webb,34,6932 Eric Rapids Suite 957,Adrienneborough,California,26228,40.442234,-39.210317
Stacy Hernandez,72,3479 Sarah Underpass Suite 806,Maldonadohaven,Washington,87866,-72.217937,-58.493957
Suzanne Reese,26,864 Danielle Spurs Suite 464,West Sarah,Arkansas,78967,20.970044,41.8739905
Shawn Cannon,32,067 Shelia Forges,Rachelborough,North Dakota,22561,148.544604,35.9710375
Michael Joyce,18,53803 Lang Court,Joycemouth,Maryland,08997,-133.352098,-82.4449235
Jeffrey Lee,47,1614 Barbara Place Suite 207,New Christina,New Jersey,05053,93.421005,8.308741
Priscilla Greer,20,44195 Webb Club Suite 848,Horneview,Ohio,08363,-81.162031,-75.7056155
Dawn Ramsey,64,361 Brennan Isle,Teresaburgh,Connecticut,13664,-63.248384,12.384550
Michael Lopez Jr.,58,159 Thompson Shores,Lake Michael,Virginia,00996,27.665773,36.6865465
Michael Rodriguez,51,058 Sarah Inlet Suite 422,Savannahshire,Florida,11268,-19.396927,30.4076785
George Kent,42,90242 Hall Drives,New Robert,North Dakota,82143,161.458037,-19.1219785
Jeremy Lang,28,02135 Gary Brooks,Chungmouth,North Dakota,11863,-161.821809,75.928754
Scott Jackson,26,5825 Burton Crossing,Johnport,Virginia,34547,76.917850,-88.4023875
Emily Edwards,62,7939 Daniel Way,North Debbie,Hawaii,99673,-136.270914,18.6234175
Julie Gray,62,9777 Nancy Court,Hoffmanshire,Colorado,55802,-74.508575,67.8664525
Sherry Hayden,48,4072 Benjamin Ferry Apt. 955,Lake Matthew,Rhode Island,87711,-139.382513,-82.4130195
Diana Morales,49,810 Jones Ways Suite 810,Josephfurt,Oklahoma,18774,-107.770192,25.2813925
William Powell,22,280 Kenneth Mount,Meganchester,Oklahoma,05363,12.645508,58.054193
Robert Gilbert,66,75595 Steven Harbor Apt. 783,New Christineland,Iowa,61782,-108.259840,-55.7444715
Michael Evans,68,02635 Mary Island,Port Derek,Illinois,44476,-23.498406,-22.927058
Rebecca Stewart,53,432 Marks Light,Port Erik,Indiana,70089,-108.248777,-18.367302
John Wilson,45,5932 Alvarado Unions Apt. 679,Hunterchester,Oklahoma,45473,57.212136,-40.104038
Tanya Cohen,48,5110 Butler Cliffs Suite 206,Anthonyton,California,13653,-40.591455,-1.0430245
Daniel Drake,36,385 Michael Corners,West Josephside,Vermont,79786,-74.416409,76.1743185
Christina Evans,29,98099 Smith Crossroad,New Natalie,Alaska,60376,-61.075432,-26.893107
Holly Pearson,72,81663 James Squares,New Donaldmouth,Missouri,29439,-96.685885,48.161336
Carrie Newman,59,8154 Rodriguez Shoal Apt. 802,East Jimmy,Iowa,81773,83.330338,36.608087
Crystal Garrett,23,0347 Christopher Path,Dustinbury,North Dakota,68551,99.610046,86.134985
Joyce Blake,38,9271 Steven Spring Apt. 783,Joshuamouth,Indiana,59148,91.224097,29.6915155
Suzanne Barber,69,2283 Jack Street Apt. 666,Harrismouth,Vermont,40268,67.150976,43.4808385
Christy Gardner,51,24650 Gibbs Lakes Suite 990,Lake Lauraberg,Idaho,82932,-26.752320,58.3069885
Ian Anderson,54,93253 Weber Lights,Matthewshire,South Carolina,59377,-123.278016,48.7628945
Linda Parker,32,608 Michelle Trail,Jennifermouth,New Hampshire,84749,124.535951,36.527038
Thomas Juarez,48,61325 Mercado Mall Apt. 151,East Mark,South Carolina,20599,-143.874540,57.114268
Brian Stephens,41,999 Johnson Avenue,Port Tyler,Maine,44545,57.968022,84.818881
Barry Payne,71,2071 Garcia Islands,East Carolport,Wisconsin,61449,8.634716,-73.381398
Shawn Warren,24,3397 Barry Walk Suite 725,West Andrew,Minnesota,44315,88.538969,-38.0611635
Mario Rogers,49,670 Wallace Inlet,Jenniferbury,Arkansas,03971,7.609714,-37.2409095
Aaron Schaefer,66,42268 Gibson Village Apt. 795,Erictown,Connecticut,71038,131.616916,0.7350925
Mr. Steven Brown,78,89470 Gabriela Plains,Davischester,West Virginia,87549,88.661337,73.789537
Gregory Smith,76,293 Ortiz Circles,West Williamberg,Arkansas,06157,-155.628587,-67.464622
Steven Gibson,59,86442 Hernandez Stravenue,Coletown,Kentucky,09276,-114.351564,-60.495279
Lauren Alexander,62,686 Hamilton Isle,Juanfurt,Maine,50802,169.888913,-50.4305165
Mason Young,69,15139 Hernandez Neck Suite 921,Johnview,New Hampshire,52016,135.960569,-3.728853
Robert Saunders,74,1894 Amy Camp,Butlerberg,Florida,16939,-14.971367,15.7482195
Bruce Marshall,33,014 Jennifer Lake Suite 920,Michelleburgh,Minnesota,21228,61.478014,-67.1795505
Sarah Vargas,21,0991 Jason Mission,Port Markside,Montana,52385,141.746432,67.066528
James Mccoy MD,52,735 Miller Underpass,Bellport,Missouri,21816,-6.872704,-16.046388
Amanda Sanders,64,4953 Stout Point,Port Benjaminfurt,Massachusetts,06702,84.615718,23.816937
Jason Watts,46,5151 Marshall Villages,Smithfurt,Minnesota,80562,-124.113851,-72.235117
Harold Davis MD,22,12146 Hampton Harbors,Andrewview,Oregon,33428,-22.263322,76.4050055
Wayne Goodwin,51,63955 Amy Summit Suite 304,Justinton,Nebraska,85953,-108.943565,35.784217
Paul Taylor,32,938 Martha Creek Apt. 390,West Kenneth,Arizona,25575,-63.492676,76.7586915
Mark Lopez,26,262 Ralph Ridges,Pollardberg,Kansas,18185,48.380231,-57.0263375
Cole Meza,26,6994 Patton Shoals,North Christopherhaven,Kansas,54370,-61.059495,61.8961535
Kevin Johnson,26,3098 Andrew Camp,West Stephenmouth,Iowa,39461,-42.005213,-74.481348
Angel Drake,25,241 Gary Islands Suite 039,East Derek,Colorado,42916,-165.755540,65.5934405
Victoria Anderson,68,6479 Dixon Flat Apt. 641,Smithstad,Montana,40025,-73.898558,-59.6871325
Diana Thomas,78,4844 Daniel Fields Apt. 594,East Melissaburgh,Ohio,24517,-50.478183,82.391750
Jo Hurst,52,34503 Kristina Camp Suite 964,Lake Karenfort,Pennsylvania,91517,-69.474531,50.699558
Bradley Moore,73,9843 Julie Fields Suite 116,South Michael,Nevada,62752,-120.685416,78.653172
Amy Hill,65,4406 Robert Rue Suite 853,South David,Rhode Island,91263,-147.845562,-37.405847
Allison Harding,35,52884 Christian Well Suite 717,East Debra,Massachusetts,55597,-10.893474,-1.684528
Shane Tran,42,80975 Nicholas Harbor,Valdezchester,Arkansas,59917,143.249398,-86.0067395
Heather Smith,79,004 Williams Loop Apt. 562,Erikland,Washington,28323,-35.435132,12.439558
Jeffrey Kelley,22,0211 Joseph Heights,North Karen,Maryland,68141,-48.063097,-21.4200315
Brian Parker,23,2171 Christopher Drive,Cynthiatown,Kentucky,91892,-67.979462,-2.4273955
Jeffrey Scott DVM,29,24402 Jennifer Loop Apt. 020,Toddburgh,Arizona,05042,-140.527488,-9.494032
Trevor Irwin,19,14885 Michael Lights Suite 764,Port Jeremystad,Missouri,72366,-21.561054,32.6273955
Adam Parker,58,91566 Christine Park Apt. 287,Port Beckyshire,Idaho,78639,-124.906497,-52.156459
Christina Kaufman,41,582 Tanya Plains Apt. 640,Port Mikaylaside,Arkansas,55854,31.974888,70.354346
Christine Gonzalez,27,14621 Brian Harbors Suite 480,Port Shelleychester,Missouri,91198,98.304420,-13.282206
Tracy Richards,63,3249 Moran Rue Suite 625,North Rebecca,Montana,40410,154.839026,62.1302795
Eric Bernard,49,51110 Kristen Forges Suite 661,Deborahshire,Massachusetts,84791,-157.318470,-48.9808005
Patrick Donaldson,37,29068 Wright Mount,Andersonborough,Wyoming,88168,149.164912,-82.720151
Justin Perez,68,1762 Hall Extensions Suite 825,North Eileenfort,Alabama,47000,-95.118016,-81.2088175
Anthony Kelly,29,809 Perry Rapids Apt. 420,North Crystalmouth,Montana,90314,-155.274959,-41.8231395
Mary Smith,37,071 Tate Walks,Lake Laura,Oklahoma,48139,-72.159433,-18.210054
Angel Forbes,59,3276 Berry Station,Lake Michael,Montana,71264,174.421440,14.4878515
Sharon Jennings,68,5247 Jackson Loaf Apt. 287,Youngburgh,Oklahoma,78825,45.416561,12.338177
John Schmidt,31,713 Griffith Prairie,South Sarahton,Texas,73153,4.681530,-24.7630695
Brian Huffman,19,0877 Thomas Tunnel Apt. 870,North Gregoryside,Utah,69124,43.474471,-42.847530
Stephanie Ford,51,768 Moran Passage,Watkinsfurt,Mississippi,31613,-111.514627,-75.4213235
Michael Knox,67,75038 Boyd Points,North Carlyburgh,West Virginia,62432,-50.306558,71.9320235
Sean Smith,79,182 Horne Village Apt. 016,Willieview,West Virginia,39513,158.742225,70.2206175
Gary Clark,66,716 David Inlet,Port Kennethhaven,Kentucky,47703,35.285401,-5.9524775
Randy Lindsey,48,981 Mindy Tunnel,Port Stacey,Minnesota,87523,-17.183477,44.3266755
Bruce Robles,55,288 Betty Crossing,New Justinmouth,Virginia,40427,22.532459,-61.993836
Sean Kim,57,05445 Harris Station,New Gregory,Kansas,82982,-20.496731,53.081937
Yolanda Pitts,56,9070 Pierce Fords,Juanberg,North Carolina,99401,152.998466,-21.373161
Christian Martinez,67,31188 Charles Bypass Suite 319,Longberg,Arkansas,76177,-23.724108,-42.239548
Alan Gutierrez,62,9441 Chandler Spur,Port Drewburgh,Oregon,32471,-156.306802,81.471845
Timothy Kennedy DDS,22,74281 Kathryn Passage,Port Matthewland,Alabama,23565,-140.370467,-85.756279
Jesse Sampson,50,998 Blackwell Isle,Port Sean,South Dakota,45249,78.616332,-47.2259025
Jim Norris,32,082 Mark Ridges Suite 213,North Arielmouth,Wisconsin,07989,-3.228551,22.8777365
Derek Garcia,79,402 Brown Spring Apt. 609,Wanghaven,Iowa,29003,-112.536854,18.840460
Melissa Dickerson,73,9209 William Station Suite 330,South Henryton,North Carolina,52397,-119.785118,-7.163710
April Herrera,59,8477 Marcus Corners,Marymouth,Alaska,89801,96.848134,-17.298423
Alex Frank,71,30323 Jessica Mountain Apt. 077,North Jamesshire,Wyoming,92543,-178.261171,14.3278245
Alexander Costa,67,597 Morris Pines,Lake Marcus,Arkansas,23540,160.152477,-65.425755
John Bradley,44,1375 Swanson Ramp,Gamblemouth,California,35779,56.374437,15.6822735
Christian Pineda,39,14050 Hill Cape Apt. 305,Lake Mirandatown,Connecticut,12136,45.019281,49.725839
Kyle Orozco,59,3837 Lee Villages Apt. 375,Lake Josephview,Pennsylvania,32392,86.934203,22.9962845
Donald Jones,28,41930 Jonathan Lake,Samanthatown,Hawaii,40414,-36.892861,21.5499365
Keith Flynn,28,225 Daniels Estates Suite 611,West Biancaberg,Delaware,13095,-47.004967,73.605174
Mason Richardson,35,128 Bowman Grove,Andersonton,Mississippi,26411,130.792225,51.478082
Jeffrey Elliott,29,026 Jennifer Spring Suite 325,West Sheila,Massachusetts,58338,70.171231,82.8939095
Jerry Cohen,79,08044 Michelle Shore,Shepardmouth,New York,46355,-37.780702,-86.543428
Jason Herrera,36,1542 White Extension Suite 145,New Wanda,Utah,78749,43.277691,50.7839725
Sheila Wright,32,47296 Roberts Well Suite 557,Burkeberg,Oklahoma,79670,129.779698,-74.440390
Patrick Mccarty,52,5885 Luke Crescent,Paynehaven,New Jersey,74213,-133.309227,14.071835
Heather Moore,57,7989 Alan Port Suite 948,Mooremouth,California,41471,137.280901,41.880513
Elizabeth Carr,63,71831 Harvey Cliff,North Melinda,New York,18641,109.639842,-4.375911
Phillip Floyd,37,996 Bennett Circle Suite 096,Lake Meganshire,Rhode Island,95993,69.222108,57.864766
Paul Mcintosh,62,2266 Steven Mountains,West Brittney,Louisiana,25913,21.354636,83.4663945
Allison Levine,79,73054 Debbie Turnpike Apt. 779,East Crystal,Oregon,24186,-88.640048,61.0134955
Mary Jones,72,2585 Little Islands,Blackwellhaven,Idaho,66017,-161.513825,-31.421773
Vernon Brown,58,6033 Ryan Manor Suite 140,Matthewhaven,New Hampshire,33279,137.986185,-42.1920345
Ronnie Patterson,42,736 Nathaniel Walks,West Mitchell,Florida,54781,140.438786,-19.1135105
Jacqueline Figueroa,59,181 Knight Gateway,West Sean,Illinois,74450,27.223662,-40.839494
Christine Shelton,51,609 Warren Mission,Sherrichester,New Hampshire,14405,81.113984,71.7426705
Miguel Lewis,74,38218 Foster Circle Apt. 352,Lake Carmenburgh,Rhode Island,64274,-72.332132,-64.8120915
Melissa Barton,63,594 Williams Curve,North Henryshire,North Carolina,44660,144.505835,73.9592285
James Campbell,20,3763 Thompson Mill,Shellyton,Texas,60842,-23.802479,53.4053195
Samuel Mclaughlin,30,9389 Kaylee Pass,Rodriguezview,New Jersey,81708,137.903453,-51.2052185
Lisa Roberts,35,84707 Gonzales Mountain,Port Sherri,Wisconsin,22889,93.329236,39.557881
Calvin Hamilton,24,52594 Duke Route Suite 534,New Jeffrey,Mississippi,41560,-54.159235,-30.423445
Mark Tate,53,3953 Pratt Plaza,Port Jenny,Kentucky,48663,-63.007168,-68.6102025
Michael Ochoa,48,2495 Rodriguez Greens Apt. 121,New Ashleyside,Alaska,36796,-49.548195,28.1554275
Brian Howell,60,91704 Hannah Groves Apt. 050,Diazhaven,West Virginia,80270,95.775450,-75.9645325
Angel Johnson,40,0181 Cindy Burg,North Carl,Montana,24158,-148.908289,9.0574795
Oscar Thompson,36,76901 Robert Branch,Steeleside,Idaho,83806,-61.249664,-40.747421
Joseph Moran,73,688 Traci Lodge Apt. 319,Kellerburgh,Montana,57817,-163.681398,73.738735
Nina Hunt,48,16628 Herman Stravenue Apt. 228,Natashaland,Delaware,66018,157.770958,16.464328
Allison Mora,34,48618 Laura Crossroad,South Peter,Florida,51570,-137.923634,12.0582385
Robert Jenkins,63,34927 Roger Canyon Suite 739,South Lauraview,Alaska,57146,-61.707789,-34.815690
Raymond Porter,29,62763 Johnson Branch,North John,South Dakota,83832,121.014421,-53.1205655
Kenneth Burnett,19,8359 Howard Corner,Wardhaven,Virginia,43737,-19.584530,72.181520
Jose Mills,34,7441 Thomas Canyon,New Raymondhaven,West Virginia,13446,-52.375617,-26.592820
Matthew Campbell,78,32065 Nicole Branch Apt. 676,Smithville,New Mexico,20271,-18.919898,-67.926005
Donna Brooks,61,4530 Hicks Junction,New Ricky,Maryland,95770,94.899333,44.131633
Jacqueline Peters,18,2966 Sherri Glen Suite 099,Port Kimberly,Iowa,53116,-104.152664,89.561225
Nancy Rodgers,41,691 Amanda Inlet,West Lisachester,New Hampshire,34174,15.893594,12.310877
Bryan Davidson,27,082 Denise Vista,Marymouth,New Mexico,58726,69.072458,-22.5897655
Timothy Saunders,44,08767 Kelly Prairie,South Lukefurt,Virginia,02126,56.250328,-60.823553
Donald Martinez,26,5238 James Port,New David,Alabama,35844,59.317143,71.638733
Luke Howard,64,5269 Alexa Meadows Apt. 985,East Bobfort,Missouri,02761,28.637907,56.130418
Dave Jones,44,88594 Emily Cliffs Apt. 405,North Erikview,Wisconsin,28100,-101.637311,-74.466418
Christopher Atkinson,66,1637 Watkins Points,South Theresa,Ohio,18408,-55.446914,72.275933
Brian Morrow,51,5913 Carla Streets Apt. 164,Martinshire,Alabama,84885,-123.183527,-39.972031
Erik Hill,72,18247 Shaw Way Suite 860,Sanderstown,North Dakota,53296,61.091168,-67.768921
Rickey Diaz,52,0494 Leah Roads Suite 782,South Laura,Idaho,33787,-152.662201,-6.7019315
Dawn Hernandez,76,0106 Key Grove Suite 665,New Tylerview,Wyoming,11385,0.671667,-45.002545
Jessica Cook,28,809 Hoover Common Suite 662,West Jason,Maine,99786,147.302346,16.461959
Jackie Hudson,69,510 Samantha Crossroad Apt. 206,South Amanda,Wisconsin,56412,-168.401659,70.612118
Jeffrey Hodges,55,44280 Kelly Fords,Lake Laura,Michigan,40909,-21.235616,88.5613785
Roger Holland,46,3354 Jennifer Oval,Lake Amy,Arkansas,74849,-119.236261,20.1368445
David Perry,22,12223 Lee Meadows,East Vanessa,North Dakota,08100,55.532208,79.163792
Jeremy Ingram,71,353 Ruiz Plain Apt. 141,South Hannahburgh,Texas,95159,128.632594,-74.844074
Lucas Chavez,62,21531 Angela Orchard,Laurenside,Ohio,62173,-158.483177,52.215397
Benjamin Gonzalez,53,162 Turner Valley,Longshire,North Dakota,22699,24.655155,32.186996
James Johnson,46,7878 Tran Rapids,South Kaitlyn,Arizona,88907,-33.209560,43.4223135
April Duncan,42,2300 King Causeway Suite 677,Frazierport,Colorado,16121,-161.491152,29.3014745
Anna Clarke,63,585 George Parkway,West Maria,Colorado,74756,143.755880,73.652394
Crystal Rice,53,028 Brittany Mission Suite 985,New Monica,Massachusetts,32454,55.833175,-66.0176935
Jerry Johnson,30,994 John Extension,Susanburgh,Texas,01347,92.042859,-49.8104835
Melissa Torres,65,2059 Ingram Shoals Apt. 567,Jordanfort,Ohio,44683,-133.925486,56.0351565
Michelle Dominguez,46,8093 Ward Forks Suite 549,North Christineburgh,Oregon,41430,-178.649273,-78.4823295
Mrs. Jennifer Townsend MD,62,981 Amanda Ridge Apt. 199,Pettyburgh,New Jersey,44561,151.392694,81.453674
Anthony Thompson,26,00722 Carroll Mews Suite 770,Chandlerville,Pennsylvania,35165,103.824903,-72.0680405
Jordan Miller,36,3671 Cheryl Islands,South Travis,Washington,27056,137.003701,0.6560605
Kelly Lane,35,176 Spence Wall,Reedside,Rhode Island,85764,-133.506862,85.365270
Stephen Bass,68,0931 Yang Flats Apt. 296,New Wendymouth,California,96729,175.172608,-47.694016
Ashley Dixon,46,873 Cardenas Port,Port Christopher,Massachusetts,16782,112.863507,-1.6194305
Shannon Delgado,37,6492 Carter Lakes,Staceyville,Pennsylvania,98558,174.835994,-4.9491745
Heather Greer,28,445 Samuel Shores,Stanleymouth,Louisiana,74916,40.117322,-8.2675905
Douglas Johnson,23,43336 Gabriella Neck Suite 215,Stewartburgh,Kentucky,29559,49.969982,29.9373595
Kevin Baker,44,975 Patrick Extension,Lake Jerrymouth,South Dakota,76834,-131.383720,-59.7058385
Tasha Chandler,30,65448 Perkins Mills,Cunninghamberg,New York,06565,131.081939,-82.771372
Kimberly Kelly,75,0293 Robert Vista,Sparksview,Pennsylvania,75858,96.396781,69.390417
Andrea Garcia,28,29015 Valerie Way,Port Danielville,New Hampshire,47880,138.137221,45.4083165
Christopher Fields,63,945 Butler Islands,Jasonchester,Missouri,22383,-115.970939,-40.051031
Karen Roth,54,378 Perkins Villages Suite 521,Port Evan,Nebraska,10417,69.211100,43.389229
Dominique Harper,66,44175 Burton Lodge Apt. 728,Davisland,Alaska,56816,-36.969547,22.9597615
Amy Hall,63,58409 Williams Centers Apt. 194,Lake James,Virginia,98277,44.636805,70.0046815
Randall Blanchard,41,23160 Traci Station,Fernandoton,Kansas,61585,-147.267231,62.381633
Anthony Lozano,22,321 Scott Village Suite 324,Lake Saraton,Wyoming,95561,-166.277392,28.5710145
Christina Fuller,37,7874 Nelson Shoals Apt. 525,Johnsontown,Arizona,90166,-60.568016,3.9007885
Nicole Thompson,70,536 Claudia Rapid Suite 910,Villarrealside,Tennessee,58826,15.131050,-68.472380
Lauren Anderson,39,1786 Boyd Forge Apt. 962,New Thomas,New Hampshire,36167,44.650967,31.7689855
Kevin Nguyen,21,605 Peterson Ways Apt. 031,Lake Matthewstad,Nevada,20589,-152.834114,-34.530678
Robin Lloyd,60,2136 Richard Prairie Apt. 540,West Tiffanybury,South Carolina,89383,157.955700,74.912098
Lynn Mullen,43,9770 Marie Ways Apt. 305,Dylanfurt,Washington,83898,42.886879,51.9039585
Jason Rodriguez,64,50601 Molina Rapid Apt. 476,South Patrickport,Alaska,32428,153.855386,57.1140145
Jeffrey Smith,71,8871 Joshua Avenue Apt. 791,Port Ebony,New Hampshire,69028,109.962410,-5.3360715
Jodi Vazquez,59,5461 Hill Hollow Apt. 989,Cheyennemouth,Wisconsin,27042,22.279692,3.430500
Ashley Lopez,76,0881 Derrick Island Apt. 886,Hannahmouth,South Dakota,27237,-8.176726,75.510151
Kimberly Terry,55,2658 Adam Pine Suite 660,Port Sarahburgh,Connecticut,07357,-56.090450,59.2515365
Michael Dunn,19,261 Moyer Manors,East Nina,Mississippi,71536,-170.763114,-73.7168495
Julie Lawson,66,6486 Sara Camp,East Ryan,Georgia,48816,-23.655596,-32.9405325
Howard Keller,33,9508 Jones Route,Lake Michelle,Montana,58182,-69.541513,62.9979195
Kristin Tanner,31,321 Shea Rapid Suite 365,Aguirremouth,Montana,13405,8.242516,9.319323
Carol Willis,19,2564 Henry Turnpike,Port Brianborough,Louisiana,11095,130.827761,1.099244
Carolyn Lopez,79,631 Sanders Cliffs Suite 827,New Derek,Kansas,48498,107.737787,-33.1671785
Scott Moran,73,6703 Baker Way,New Garyberg,Vermont,21863,-174.480750,35.0410485
Howard Garcia,65,059 Rodriguez Trace Apt. 719,West Cherylburgh,Delaware,07895,168.282465,69.2200895
Alicia Miller,22,3144 Beth Rue Suite 167,North David,Washington,82506,133.818835,36.787473
Susan Stevens,35,630 Castaneda Village,Joshuamouth,Idaho,28399,45.115283,52.291464
Jeffrey Mills,79,94847 Gentry Point,Moralesberg,Oklahoma,66738,46.761642,15.696530
Brian Raymond,77,193 Nicole Valleys Suite 903,Lake Jenniferborough,South Carolina,93287,-61.738670,-33.1756215
Christopher Baker,76,819 Sean Turnpike Suite 776,Lake Williamchester,Louisiana,28564,-76.312597,-87.3865485
Michelle Myers,32,50260 Clark Village Suite 902,Comptonburgh,Iowa,98024,51.052739,-35.737161
Laura Smith,57,0286 Hester Viaduct,North Jaytown,Virginia,16214,-21.571121,-66.4402065
John Hill,30,92306 Nicholas Alley,Kingborough,New Jersey,74294,1.788160,-67.9977415
Michael Brown,24,783 Mercedes Unions,Stephensonborough,Vermont,24152,160.673057,51.909659
James Collins,38,9875 Lee Meadows,Williamshaven,Rhode Island,08507,-3.584910,-73.5764765
Lisa Hernandez,54,435 Frazier Village Apt. 846,West Michelleview,California,96741,140.786503,-79.034004
Jessica Kennedy,64,60099 Mark Branch Apt. 138,Jennaville,Maine,14435,-101.515108,-45.5134125
Jennifer Moore,25,4476 Duffy Place Suite 240,Harrellmouth,Tennessee,91438,73.235504,21.255742
Suzanne Gibbs,34,5703 Jones Road Suite 802,South Kevin,Oklahoma,45920,138.382374,72.055083
Toni Davila,38,36917 Smith Divide,South Jenniferburgh,Missouri,09149,-49.248589,-18.117033
Joseph Miles,75,9000 Perez Locks,Lake Hailey,Minnesota,00695,45.525539,-27.520598
Richard Parker,44,424 Dustin Radial Apt. 528,North Jennifer,Vermont,93022,-152.697480,67.292932
Steven Yoder,77,192 Stewart Rue Apt. 047,Wayneton,Vermont,69548,7.963431,-89.4027415
Todd Savage,26,53166 Collins Freeway,Port Carrie,Idaho,07371,42.657105,-65.249529
Phillip Edwards,44,129 Karen Center Suite 304,Crystalfurt,Maryland,42498,117.779578,-67.823775
Shelby Cox,47,70477 Johnson Wells,Rodgersview,West Virginia,50731,104.010392,49.643980
Gavin Bradley,56,1815 Castro Plains Apt. 581,Sherrymouth,Alaska,14988,-93.495883,-5.121998
Sara Richardson,25,81376 Pedro Stravenue,Johnville,Vermont,17842,-135.388402,-58.6992525
Scott Hernandez,18,3754 Lewis Alley,South Jamestown,Arizona,90619,-49.974869,-52.6745505
Jennifer Ramsey,28,9510 Chambers Row,Stevenburgh,New Jersey,74349,50.555782,-55.212078
Elizabeth Bell,32,839 Janet Locks Apt. 900,Makaylaside,Kentucky,35515,-4.338866,60.5165315
Ashley Bray,67,4756 Laura Gateway Apt. 899,Millerview,Tennessee,17399,-82.895447,-21.1724165
Matthew Ellis,80,973 Robin Heights,Sarahshire,South Carolina,66816,138.251767,-82.955460
Paula Robinson,28,16571 Charles Square,Lake Christy,Missouri,31321,73.722055,-33.234985
Emily Dyer,75,931 Ashley Flat,Brendaport,Alaska,13586,22.268620,0.3072465
Natalie Mueller,49,95584 Ayala Heights Apt. 226,Millerbury,Rhode Island,41490,-114.597119,-60.393926
Jon Gomez,19,36970 Walter Parkways,Howellhaven,South Dakota,21436,34.947654,-48.603684
Eric Bennett,79,222 Valencia Inlet,Brandonfurt,Alabama,65461,-15.248887,-30.848271
Joel Cruz,77,3108 Arnold Street,Clarkborough,North Dakota,44415,-132.447813,44.3234415
Timothy Nguyen,69,4857 Hicks Highway,West William,Montana,96608,-1.254897,76.460620
Gregory Tucker,26,42972 Griffin Island,South Elizabeth,Georgia,73516,110.512154,6.3265115
Joseph Martin Jr.,28,61526 Jones Falls,Kellerborough,Delaware,62348,-11.279143,-37.6249035
Tammy Hicks,57,2240 Margaret Fort Suite 209,North Josephport,Colorado,92810,169.736310,-2.593909
Miss Kristin Carlson,61,2252 Louis Manor Apt. 811,Rosschester,Minnesota,45229,-88.787731,21.2910035
William Rush,39,2954 Leroy Heights,North Michael,Oregon,75519,-82.110551,-83.206268
Taylor Fox,19,499 Timothy Common Suite 810,Boylebury,Kentucky,56804,167.636244,-19.502233
Andrew Frost,76,17770 George Heights,New Yolandaview,South Dakota,70845,177.668765,51.9831715
Crystal Fernandez,75,44010 Stephenson Club Suite 892,Lake Jessica,Maryland,77416,103.467654,87.585888
Kimberly Washington,26,40066 Castillo Vista Suite 200,Catherineberg,New York,96461,-4.182653,39.8896235
Elaine Thompson,33,051 Denise Plains,Morrisonville,Colorado,56973,-108.381145,37.4051495
Nicolas Kim,26,125 Andrew Club Suite 100,Greggborough,Alaska,97691,-20.741279,-55.264677
Edward Crane,42,508 Scott Shore Apt. 550,Davidhaven,Indiana,68863,74.942674,-79.6132405
John Sims,50,6715 Brandon Prairie,Reyesfort,Idaho,62483,-92.104015,-44.5971315
Nathaniel Collins,52,929 White Springs Suite 390,Bakerborough,Delaware,78528,-117.704948,23.5499625
Donald Martinez,51,5505 Vaughn Loaf,West Joseph,New Jersey,31397,-118.628851,-3.4152285
Olivia Wright,45,01067 Gary Road Suite 291,Elizabethland,Arizona,44586,-29.494004,65.0912335
Kristy Miller,34,0818 Donald Corner Apt. 681,East Brittanyfurt,Hawaii,12571,-151.480328,29.4479515
Vanessa Mullins,56,3156 Gonzalez Neck,Dianeton,Utah,70650,177.483660,62.7556825
Wesley James,32,212 Angela Shore Suite 146,Port Toddfurt,Arizona,25485,68.749196,-21.439855
Donna Carter,39,141 Alan Rue Apt. 647,Lake Kevinberg,South Dakota,80185,83.145617,54.8320025
Lisa Stewart,21,3089 Kelly Ramp,East Rachel,Wyoming,54598,82.734911,-11.092404
Maria Davis,77,031 Rollins Flats,New Benjamin,Mississippi,45614,122.397713,-50.9149035
Kenneth Campbell,75,0786 Victor Track,Bradleyburgh,Georgia,53320,166.612422,-48.438106
Scott Ortiz,25,998 Edward Landing Suite 259,Fryfurt,Texas,08350,-20.991678,-39.875710
Gregory Taylor II,47,257 Lindsey Drives Apt. 626,Pamelaton,Tennessee,26579,141.334059,-0.7102485
John Williams,30,503 Martinez Burg Apt. 399,New Jennifer,Rhode Island,68085,122.457522,-28.467493
Mrs. Sharon Robertson,76,1458 Kristin Run Suite 455,Lake Randyborough,Connecticut,36656,137.501790,84.986587
Joseph Payne,47,877 Solomon Isle Apt. 273,New Julieville,South Carolina,90915,-77.966225,-78.9060965
Samantha Freeman,67,797 Rogers Drive Apt. 525,West Kenneth,South Carolina,63924,-32.700609,54.6000855
Theresa Anthony,64,79764 Frazier Forks,East Emily,North Dakota,57394,-38.951129,-41.623869
Jessica Ryan,40,09913 Parks Pike Apt. 368,Tanyaview,Nevada,25523,123.878209,31.350628
Angela Montgomery,23,668 Melissa Locks,Jacobborough,New Mexico,87154,-33.560403,29.9682045
Jeremy Sheppard,35,885 Duran Island Apt. 567,Carlmouth,Wisconsin,41807,-25.579683,1.0937795
Amber Daugherty,54,84023 Andrew Locks Apt. 837,Reginaborough,Iowa,93602,-146.873941,-3.897852
Diana Koch,63,19470 Pamela Parkways Apt. 675,Lake Alexanderfort,Vermont,07168,105.376010,-23.404792
Sharon Carter,80,732 Miranda Ways,Morgantown,Tennessee,48698,-156.494791,-7.6109035
Rachel Miller,64,9922 Landry Station,Baileyton,Colorado,78173,-36.833542,41.574951
Jared Anderson,48,3130 Obrien Roads Suite 453,East Ronaldchester,New Hampshire,81659,-133.528440,23.1260445
Erin Bowen,57,989 Morgan Mountains,Port Melissaland,Minnesota,97337,159.648811,75.625808
Andrew Perez,55,963 Andrew Haven Apt. 715,Josephborough,Maryland,89048,-82.959580,63.1090135
Eric White,28,50781 Kelly Flats,Port Sarah,New Jersey,34611,117.677814,-16.501065
James Green,23,24390 Gary Rapid Apt. 964,South Karl,Ohio,00881,-44.470762,-81.950437
Miss Barbara Williams,73,0227 Michael Place,East Dwayne,Illinois,64630,177.956990,-82.5757645
Lindsay Beck,31,519 Bryan Views Suite 784,Mariabury,Alabama,65032,-2.185209,25.0187825
Scott Evans,46,960 Cheryl Vista Suite 708,Adamside,North Carolina,32201,-83.935803,-7.3826865
Brian Anderson,61,121 Betty Plaza,Reynoldsview,Illinois,43911,163.366168,-48.7258925
Ricardo Fox,44,1559 Robles Drive,Lopezmouth,Utah,30935,-95.990456,30.871300
Taylor Hoffman,32,69697 Morton Skyway Apt. 904,Raymondview,New Mexico,56118,38.300677,85.3914215
Amanda Greer,63,635 Frye Motorway Apt. 188,Lake Douglasstad,Massachusetts,26997,-124.033284,57.9041195
Lisa Marks,55,142 Lopez Key Suite 971,South Vincentfort,Michigan,99715,-103.138886,15.231453
Eric Herman,58,963 Flowers Isle,New Andreafurt,Wisconsin,72552,-49.212148,-7.052715
Henry Pierce,47,8101 Nunez Fork Apt. 007,South Melissa,Connecticut,48742,-112.291560,22.2569375
Suzanne Baxter,44,57182 Thomas Square,Lake Amandafort,Nebraska,14849,-38.789690,59.892697
James Davis,76,45573 Robin Brooks Suite 269,North Karen,Ohio,10305,-6.142252,-65.761938
John Campos,54,21770 Pena Inlet,Paynefurt,Alaska,28242,172.935537,-2.5427255
Herbert Garrett,74,56183 Tammy Ports Apt. 626,Nelsonfort,Washington,42193,-117.513130,-36.427511
Bryan Williamson,26,83177 Lane Skyway Suite 018,Longchester,Virginia,67328,-3.352444,22.2836785
Brittney Mayer,54,9552 Ellis Path Suite 767,Lake Donna,South Carolina,75698,-106.310878,13.5402075
Edgar Gross,75,46490 Robert Heights,Port Juliemouth,Wyoming,88852,-116.995260,6.459895
Kathleen Conley,74,12921 Thompson Burgs Suite 427,Lake Jeffrey,Illinois,42489,-24.296798,35.849843
Jesse Dawson,60,9030 Willis Crossroad,New Eric,Minnesota,12114,129.799704,-10.8133875
Renee Steele,76,1466 Hart Islands,Brownfurt,New York,84931,-69.826574,-67.0199455
Jill Steele,50,851 Jimmy Wall,Hicksborough,Oregon,52558,68.473991,-46.722020
Karen Davis,29,1915 Rice Fort,Francesmouth,North Carolina,53981,-80.954968,-17.6545465
John Simmons,59,7646 Haley Garden Apt. 551,Lake Jasmineview,South Dakota,72248,-121.137234,86.6970865
Steven Guzman,27,2971 Hannah Passage Apt. 514,Reginabury,South Dakota,45967,94.634042,-84.8107945
Kristin Boyle,76,5084 Austin Meadows Suite 785,New Ashleyland,Montana,63203,-98.620570,-74.1687475
Corey Graham,41,8209 Christopher Creek Suite 951,Elliottview,Mississippi,32115,-101.187373,-50.2727425
William Leach,54,54980 Danny Meadows Apt. 665,Guerrerochester,Alabama,55954,53.657422,-8.7794155
Brenda Gonzalez DDS,33,46868 Stone Point,New David,Ohio,32649,-42.634928,-28.603164
Lauren Clark,63,5274 Scott Mission Suite 948,Andersonview,Louisiana,99232,-95.074762,-12.1151885
Scott Kemp,27,183 Wilkinson Bridge,Stephenfurt,Texas,59252,169.091419,-46.618885
Sheila Rodriguez,61,20027 Todd Divide Apt. 842,North Lisa,North Dakota,73052,112.124755,80.2891615
Christopher Flores,73,7830 Johnson Path,Lake Christopherbury,West Virginia,06802,-159.999042,68.668227
Sandra Gross,36,99456 Hernandez Mills,Pamelafort,New Hampshire,35618,112.270874,23.7430635
Natalie Carlson,37,0367 Kenneth Mission Apt. 182,Whitneychester,Alaska,41067,-44.711246,-87.034484
Anna Rios,35,893 Johnson Place,Lake Tracybury,Kentucky,22273,-163.915932,-36.7887205
Eric Harris,75,68258 Adams Bridge,Clarkbury,Louisiana,39935,26.373268,63.9158605
Jonathan Pittman,67,0601 Patterson Pine Suite 699,Lake Davidmouth,Montana,64773,-99.307733,24.2811905
Michael Flores,42,27667 Silva Mountain,South Josephfort,Louisiana,77156,-2.168879,37.646176
Deanna Green,59,63902 Michael Island,New Joseph,Georgia,27679,47.435998,-86.094916
Emily Medina,39,5428 Cynthia Run Apt. 677,Nguyenport,Idaho,84884,80.981799,-81.8189005
Sharon Morris,25,36910 Adam Corner Suite 414,East Tinaborough,Massachusetts,04146,-114.583461,-9.703072
Brandi Burgess,62,66758 Steve Stream,New Patrickside,Tennessee,09837,4.672003,67.130461
Krista Petersen,22,741 Renee Inlet Apt. 881,Newmanport,New Mexico,53036,-176.986108,14.409389
Mr. Jeremy Norton,54,472 Timothy Ville,Fordside,Vermont,35936,11.262234,38.7421485
Patrick Lee,79,863 David Forest Apt. 701,Jonesfort,Vermont,67923,-23.849467,13.561818
Steven Ramirez,79,158 Webster Greens,North Caseyhaven,New York,81938,-48.046970,-40.2953375
Donald Pugh,23,80173 Christopher Village,New Victoria,Nebraska,21656,82.289314,22.4458285
Amy Griffin,66,333 Harris Spring,Port Evanport,South Dakota,40776,-134.966073,53.417533
Randall Castillo,24,9166 Wagner Extension Suite 099,Andreahaven,New Hampshire,66305,-73.234873,83.9014535
Amanda Miller,56,94427 Roberts Mission Apt. 216,Simpsonchester,South Carolina,41483,130.093942,30.695555
Robert Rios,42,376 Bradley Heights,Rodriguezton,New York,74100,-85.809094,-7.7565815
Ethan Stephens,29,192 Vargas Mountains,Edwinton,Oklahoma,88067,45.828079,73.1910425
Vanessa Schmidt,47,21890 James Village,Yangshire,Louisiana,17575,143.818913,59.1205035
Debra Mccullough,18,680 Hernandez Track Suite 147,Robertsberg,Colorado,35302,-104.009838,-2.0477625
Peter Turner,30,27240 Woodard Plains,Lisaborough,Washington,16948,139.923843,12.6202795
Luis Dickson,62,78753 Franklin Crescent,South Nicole,Oklahoma,05535,-131.820761,40.1906535
Martin Mccoy,31,67396 Miller Drives Suite 117,Colleenville,New Hampshire,78150,-135.182789,87.4320315
Kenneth Carpenter,44,9025 Davis Islands Suite 473,North Allen,Vermont,02897,-48.480646,-65.421100
Jonathan Quinn,52,65277 Kelly Viaduct,Jasonburgh,Indiana,12895,121.252999,-65.8262515
Sherri Russo,29,63505 Golden Port,South Jesse,Connecticut,55500,-165.736761,-65.6796765
Victoria Bell,71,1907 Cody Cliffs,New Tamara,Illinois,90521,-124.561710,11.842128
Sara George,34,4297 James Shoals Apt. 839,Port Davidhaven,Nebraska,82905,-48.603072,-19.7450805
Rachel Woodward,31,22965 Peterson Centers,Port Clintonshire,Kentucky,12175,-153.169247,-22.143225
Andrea Gonzalez,38,14506 Lee Drive Apt. 648,Amybury,Missouri,36555,177.904487,16.925798
Kristina Phillips DVM,72,8302 Pugh Point Apt. 160,Port Kellychester,New Hampshire,65999,131.294464,85.1898985
Robert Johnson,73,511 Turner Rue,Mendozatown,New Jersey,80579,-34.949223,-11.471911
Harold Baker,48,8244 Ponce Path,Timothyview,South Dakota,21968,65.224800,-11.847106
James Huff,31,1923 Alice Viaduct Apt. 906,Lake Victoriaborough,Alaska,17297,-37.913097,70.760676
Kathy Neal,75,8738 Jessica Manors Suite 237,Thomasstad,Arkansas,61874,43.270772,-31.445643
Leah Jimenez,49,536 Fletcher Points Suite 259,Ramirezchester,Kentucky,39551,9.051230,-82.888639
Anthony Howard,39,3136 Taylor Center Suite 316,Tabithamouth,Maine,85643,-45.006514,-64.874324
Rebekah Castro,56,005 Cook Vista Suite 546,Lauraburgh,Montana,11870,-40.587877,16.369572
Megan Santiago,60,18046 Wise Spurs Suite 190,Michaelside,Nebraska,68038,60.206870,30.347173
Sharon Brown,76,57372 Bennett Rapid Apt. 006,Carsonshire,Oklahoma,22590,144.933408,41.5343875
Tiffany Murray,39,15590 Jennifer Rue Apt. 085,West Kimberly,Virginia,38091,24.933047,-63.462674
Keith Roberts,30,6228 Ramos Groves Apt. 583,South Josephport,West Virginia,94500,153.928713,80.1276465
Thomas Huynh,18,59457 Ray Mews Apt. 946,Samanthabury,Alabama,50998,-4.757794,61.780890
Gina Galvan,38,04059 Sanchez Rest Suite 126,Iantown,Florida,38344,-115.082401,-89.220099
Kevin Hawkins,42,9263 Jessica Avenue Apt. 448,Michaelchester,New Jersey,74484,-30.080622,-1.489945
Christian Mckinney,21,4060 Ferguson Locks,North Marytown,Montana,17376,-146.883810,22.3643395
Gabrielle Galloway,22,30184 Robin Club,Savageborough,California,25430,36.061988,-42.315041
Cassidy Cross,19,63222 Lee Divide Apt. 049,North Brandon,Arizona,81929,-116.138850,30.2459605
Kathryn Jacobs,79,20051 Cindy Parks,South William,California,51687,-83.770835,-55.4860375
Jennifer Delgado,80,76521 Eugene Passage Suite 242,South Jeremybury,Georgia,12039,28.988627,-62.0157355
Luis Gonzales,19,53500 Pearson Port,Port Dustintown,Alabama,09496,-108.472916,3.2916715
Christine Grant,62,647 Timothy Inlet,Owenburgh,Washington,61802,-36.276925,44.9543925
James Thomas,68,72889 Jacob Hills,Port Victoria,Alaska,79161,42.245431,-47.7517915
Suzanne Lawson,58,2166 Franco Tunnel Suite 908,Thompsonside,Delaware,78746,117.857920,8.660975
Carla Gutierrez,47,0326 John Passage,Kristinachester,Alabama,95529,-98.218342,58.6374425
Kim Salas,50,75824 Delacruz Keys,Vincentfort,Arizona,59889,138.926170,-67.600987
Catherine Rice,52,5703 Wood Drive Suite 546,South Crystal,Wisconsin,65358,119.936492,-89.972025
James Clark,73,25598 William Shoals,Christianmouth,Iowa,45946,-21.025982,-60.9814765
Zachary Morris,53,241 Jeffrey Wall Suite 589,Briantown,New York,10129,149.124039,-67.507284
Whitney Durham,29,6997 Osborn Parkways Suite 035,North Jeremy,Arizona,55151,-30.880573,-17.126057
Scott Henry MD,62,885 Lewis Trail Apt. 195,South Robertbury,Kentucky,93414,-105.385590,-89.2910085
Kristopher Davis,40,7766 Morgan Valley Suite 185,Port Joann,Oregon,71898,-43.161750,33.018872
Mr. Eric Weber,53,1574 Wells Village Apt. 970,Erintown,Texas,89622,-64.121640,-13.5676495
Brianna Moreno,62,017 Monica Ridges,East Amber,Hawaii,89662,177.939709,38.7254495
Todd Grant,54,634 Morton Fords Suite 220,New Sarah,Vermont,95991,-37.732460,70.599814
Leslie Garza,29,350 Ross Shoals Suite 539,Alexandraport,Louisiana,50953,-144.729016,73.850273
Luis Brown,18,2630 Cortez Ford Suite 638,West Brandon,Wisconsin,19319,111.051146,-28.838500
Roy Smith,59,509 Elizabeth River Apt. 411,Port Carolineport,Colorado,65143,-155.356949,88.162256
Theodore Lee,20,158 Steven Union,Anthonytown,Massachusetts,00951,-77.212337,-56.155244
John Hester,38,851 Wagner Knoll,Catherinehaven,Colorado,79705,-119.775286,-75.507426
Elizabeth Smith,47,417 Shawn Estates,Antoniostad,Arkansas,43319,-111.041249,-19.319235
Morgan Wolfe,33,109 Samuel Ridge,North Grant,North Dakota,29118,-24.377802,-45.5624135
Amber Murillo,22,4567 Kara Squares,Port Dustin,North Dakota,01284,-68.877809,33.746453
Stephanie Morton,74,645 Kimberly Neck Apt. 863,Kevinbury,Louisiana,30946,-141.316649,8.1213895
Katie Reyes,67,65632 Julie Junctions Apt. 209,West Ashleyview,Connecticut,90763,170.256928,-72.9037065
David Patterson,47,052 Sanchez Falls,Coxside,North Carolina,37843,54.682743,-48.938190
Ronald Martinez,21,1242 Christy Dale,Ericaport,Montana,53707,116.928919,-15.0236465
Nicholas Davis,37,7289 Christopher Locks,Michaelton,Oklahoma,43707,48.467240,71.135230
Bryan Conrad,18,8247 Dunn Parkway,Jonesville,Connecticut,45570,-78.982365,-83.2766825
Carolyn Lin,79,8389 Garner Harbor Apt. 403,West Michellefort,Missouri,98059,32.805749,-10.0498845
Richard Smith,79,141 Carter Glen,Pettyview,Ohio,34522,-96.208182,56.0158575
Brittney Rivera,68,86175 Lambert Centers Apt. 517,North Kenneth,Mississippi,84976,-6.322488,-88.395759
Robert Rhodes,56,03814 Jessica Roads Suite 872,New Johnathanbury,Washington,89634,-107.665629,17.316325
Charles Joseph,56,446 Carson Points Suite 249,New Juliefurt,Wisconsin,93184,-135.056663,-1.300705
Daniel Lane,80,81239 Reilly Hill Apt. 389,Port Emilychester,Wisconsin,76658,-7.174345,0.369639
Michelle Ho,60,239 Olson Estates,Port Rebecca,Maine,21721,-123.995591,-45.870541
Sean Robinson,35,2672 Rebecca Flats,East Alyssa,Alaska,84266,89.467077,72.823213
Jorge Reed,67,1088 Brenda Plaza Apt. 288,Thomasmouth,Colorado,11884,6.582614,-1.083913
Daniel Warner,32,83980 Andrea Forge,Lake Michelleton,Florida,91504,-52.496651,35.5191235
Tiffany Graves,36,3208 Kevin Fall,Rodriguezfort,Hawaii,38133,-154.575692,81.304995
Christopher Brooks,77,750 Schmidt Street Suite 529,Ashleyville,Minnesota,10132,85.027094,-66.7118015
Daniel Lopez,23,2981 Hurst Light,Juliantown,Tennessee,85301,-149.168789,-17.8426825
Collin Farrell,55,40682 Debra Estates Suite 830,Andrewton,Iowa,87507,-12.445339,-10.8785675
Martin Crawford,55,352 Delgado Underpass Apt. 260,Lake Herberttown,North Dakota,63677,-138.822991,81.3876615
Charles Acosta,71,89125 Cooper Path Apt. 451,Phillipsland,Hawaii,79050,23.085272,-26.0180645
Andrew Fisher,26,9940 Pena Square,New Maria,Kentucky,28119,-36.947127,83.316755
Kendra Black,26,5257 Yu Expressway,West Linda,New Mexico,09756,147.999510,-67.143728
Carl Oneill,41,722 Meredith Gateway,South Shaneland,Pennsylvania,94998,-114.628753,78.078773
Maria Moore,40,68413 Wendy Place,Reillystad,Pennsylvania,69395,127.846152,-67.1902835
Rebecca Reid,72,8211 Osborne Oval,New Courtneyborough,South Dakota,45955,-28.151466,-45.5315535
Sandra Matthews,63,541 Edwards Skyway Suite 960,Moorebury,North Dakota,13897,-173.430990,8.247943
Connor Woods,69,5873 Hernandez Circle Suite 977,Johnsontown,Rhode Island,21060,87.843829,42.277939
Christopher Brown,49,417 Vincent Light,Joseview,Wisconsin,77926,90.622951,-40.6854455
Brian Henry,24,5385 Jennifer Stream Apt. 422,Clarkside,Maine,02590,155.353578,-6.3550565
Gregory Clarke,61,176 Michael Hollow,West Christineshire,California,67904,93.990860,-18.8932445
Jacob Smith,36,7905 Harrison Lane Apt. 009,Lake Joshua,Kentucky,68955,136.509426,-4.9437155
Joshua Chapman,54,54440 Jerry Dam,Allenview,Kansas,90035,-91.249689,64.0576705
John Roberts,76,814 Yolanda Parks,Jenniferbury,Missouri,00996,29.020910,-67.9886195
Jonathan Moyer,34,56939 Crystal Ridges Apt. 181,Robinsonville,Massachusetts,05286,-100.268080,-35.1708915
Tiffany Kelly,40,33746 Vega Junctions,West Mary,Illinois,01356,-127.318649,54.239649
Rachel Barnes,32,7407 Alejandro Plaza,South Rebecca,Hawaii,34157,107.339705,35.553344
Zachary Garcia,57,5105 Michael Lakes,South Theresa,Wisconsin,81367,-38.327542,-80.882210
Christina Cook,29,24322 Hudson Viaduct Suite 945,Lisafurt,Wyoming,49621,25.871498,36.626495
Sherri Boyle,31,952 Lee Drive Apt. 997,West Allisontown,Delaware,11912,-175.354310,-4.344944
Francisco Thompson,42,597 Jones Vista,Wagnerton,Tennessee,50886,54.940091,-71.8785815
Ryan Ford,28,65573 Christopher Spurs,Hannahhaven,Nevada,22180,-67.413214,27.6514915
Jennifer Smith,38,47159 Lambert Manors,Ronaldport,Texas,94683,34.347326,74.3201705
Joshua Swanson,79,48019 Brown Village,North Anitaborough,New Mexico,46306,134.771418,69.179391
Cindy Petersen,46,41019 David Inlet,New Emily,Alabama,21675,169.317822,37.783983
Joseph Hernandez,69,2973 Roberts Parks Suite 652,Port Greg,North Dakota,55166,-2.596963,-43.964991
Christopher Benjamin,47,609 Chandler Station Suite 594,Port Kimberly,Minnesota,82263,-49.421400,11.8218195
Elizabeth Chambers,53,6732 Charles Well,Ashleyside,South Dakota,81870,73.618438,17.2708375
Joshua Bonilla,70,47694 Sharp Fort Apt. 606,Stacyland,Florida,43053,0.037898,-73.9844625
Tommy Smith,54,9819 Doyle Turnpike,Maryview,Delaware,84502,-51.440545,45.8679135
Adam Acosta,23,869 Pamela Flat Suite 220,Scottbury,California,74099,101.810202,49.297592
Ryan Cole,42,26404 Billy Street,North Robert,North Dakota,94584,-87.380829,-5.696476
Heidi Griffith,26,711 Contreras Mission Suite 766,Shortview,Alaska,13585,102.928604,-2.065667
Marco Walls,43,319 Maldonado Circle Suite 601,Crystalview,Washington,15857,-25.182983,12.058615
Nathan English,76,0256 Mcdaniel Junctions Suite 515,Anthonyport,Hawaii,76232,58.887177,-44.1559965
Alison Atkins,40,71356 Robinson Meadows Suite 675,Proctorport,Alabama,24580,13.920172,48.841988
Steven Williams,68,82362 Johnson Mount Suite 532,Watsonton,Oklahoma,51165,-50.695312,43.556486
Brittany Allen,49,13404 Michael Wells Apt. 317,New Jessemouth,Texas,56500,68.610406,-48.1284455
Joseph Harper,55,3394 Jose Mill,Analand,West Virginia,82633,-139.898913,-42.726627
Alexander Jenkins,60,613 Duane Fords,West Loretta,Michigan,08894,48.927216,-72.9342345
Matthew Martin,56,074 Andrew Junction Suite 178,Kimmouth,Ohio,08484,43.485549,55.9190865
William Frost,26,70841 Adrian Valleys Apt. 092,Dennisbury,Illinois,91089,-163.889286,-53.925399
Tanya Meadows,43,5477 Hill Rapid,Baileytown,Oklahoma,53260,-142.178328,12.477431
Terry Elliott,52,1956 Oscar Terrace Apt. 386,North Robert,Nebraska,30937,114.762214,63.6156905
Steven Bryant,26,1177 Hancock Manor Apt. 583,Ramirezhaven,New Hampshire,14381,127.863795,15.536446
Samantha Johnston,77,53510 Gary Spurs Suite 525,Hurstberg,Kentucky,78983,-76.135168,-23.583760
Derek Fields,29,8548 David Green Apt. 892,Mitchellside,New York,92612,-168.318696,-73.4697865
Donald White MD,37,78426 Hodge Trail Apt. 882,Smithville,Wisconsin,69960,-154.850568,26.7230715
Jennifer Contreras,24,62402 Johns Haven Suite 006,North Michaelbury,Rhode Island,44703,-2.854755,-63.8919715
Erin Meyer,68,08250 Michael Grove,Henryland,Maryland,54709,179.314711,-20.1231405
Marcia Moore,48,907 Walker Squares Apt. 524,North Douglasfort,North Carolina,99759,-80.715549,-82.4075035
Rebecca Robinson,28,4331 Tonya Plain,West John,Nebraska,82617,32.331271,-84.4328255
Cory Johnson,19,9204 Berg Manors Suite 810,South Courtneyville,Oregon,67975,153.494301,70.506308
Gary West,71,7547 Michael Falls Suite 762,Millershire,Pennsylvania,20903,24.122758,44.401218
Joanna Leonard,72,4592 Hardy Bridge,Hallburgh,Arkansas,23346,165.436148,73.1948915
Gabriel Murray,41,667 Samuel Rapid,Smithmouth,New York,71958,-132.278492,33.863824
Martin Gonzalez,18,4552 Russell Skyway,Burtonberg,Arkansas,46747,6.774268,-45.6144725
Casey Mitchell,65,5083 Samuel Spring,Kruegerhaven,Montana,81917,109.007862,-13.1177155
Dr. Lauren Jackson,63,661 Jacqueline Estates Suite 213,West Anitahaven,Iowa,55317,34.842954,33.465134
Nathaniel Barrett,25,19861 Johnson Isle,North Timothybury,Nebraska,77764,-91.388703,48.474453
Todd Clark,45,419 Robert Burgs,East Kelly,Vermont,89627,-46.737581,52.534089
Michael Santiago,69,602 Davis Divide Apt. 955,East Kellytown,North Carolina,54299,-172.849147,-85.1403845
Howard Martin,65,8247 Smith Station Apt. 406,Lake Glenda,Rhode Island,11213,28.472630,-56.160235
Larry Cook,76,12790 Franklin Crossroad Suite 719,Vegafort,Maryland,32477,30.055522,20.402477
Renee Sims,42,02680 Stacey Corner Apt. 196,Lake Roger,Montana,28674,26.867123,-8.1897905
Bianca Byrd,30,582 Dana Circles Apt. 794,Jessicaville,New Jersey,98816,-133.133694,-1.4792365
Michael Smith,38,6263 Julie Well,Chelseaton,Washington,22434,76.310198,-69.1097415
Crystal Moore,32,61911 Jessica Light Suite 734,Johnside,Connecticut,88831,44.630548,39.5756595
Angela Bender,58,3062 Sarah Hill,North Timothyhaven,Kansas,65134,20.665964,-55.602018
Beth French,29,48847 Barber Hills,Jameshaven,Nevada,69712,-21.946149,-88.6931085
Deborah Webster DVM,23,704 Jessica Junctions Suite 176,Jacksonberg,Illinois,69943,31.531300,-74.3585475
Jasmine Lang,44,28142 Fernandez Ville Apt. 044,Arroyofort,Delaware,01921,-66.824438,-41.943275
Daniel Fields,31,747 Anthony Lodge,West Sandraton,South Dakota,96773,-40.138102,-66.4293985
Olivia Bryant,23,13200 Charles Spur Apt. 295,North Melissamouth,Connecticut,98387,165.839050,-44.9715805
Todd Campbell,73,541 Coleman Via Apt. 768,North Wesleyfurt,Arkansas,47651,29.040762,32.4898445
Savannah Ellis,64,4207 Rogers Vista Suite 085,Brendachester,North Carolina,01851,106.774378,73.594541
Nathan Norton,65,2160 Reyes Turnpike Suite 465,New Andrehaven,Pennsylvania,79950,-27.405146,55.4317315
Nina Fleming,22,3129 Nicole Path Suite 466,Garnerland,Pennsylvania,14484,102.180472,-33.4855435
Jessica Banks,67,83293 Robertson Drive,Markshire,New Mexico,42037,81.207314,-31.745999
Donald Miller,66,66318 Amy Plaza Apt. 397,Lake Beth,Louisiana,02342,-125.378518,44.1852135
Jason French,24,873 Sandoval Ports,Port Christopher,New Hampshire,22497,-50.320589,-89.7615375
Roberto Jones,48,8512 Ronald Point,Brianshire,Kentucky,58468,-49.576148,21.633014
Jacqueline Hernandez DDS,32,93930 Cross Creek,North Kimberlymouth,Arkansas,93138,132.704302,38.5216115
Randall Weaver,59,395 Jared Plaza,East James,Colorado,95221,101.498213,50.126399
Kevin Lambert,45,735 Matthew Throughway,North Douglas,Mississippi,47764,28.146429,83.284302
Deborah Logan,70,56006 Walter Village,Amandahaven,Virginia,82750,-62.961371,-4.9307185
Caroline Yates,21,36072 Hernandez Mission Suite 166,Lake Kimberlymouth,Florida,10929,44.133570,-45.252852
Stacy Gallegos,68,18346 Hawkins Springs,Robertmouth,Delaware,94438,-35.196667,76.154070
Omar Perez,59,338 Summers Branch Suite 272,South Adam,Iowa,37812,-43.084268,-63.5234835
Kyle Adams,53,1993 Steven River,Port Michael,Idaho,32832,153.574570,-46.567479
Debbie Rice,50,75938 Jared Route Apt. 871,New Kimberlystad,South Carolina,54963,19.089099,52.465344
Gabriel Lee,18,29051 Raymond Way,Jayfurt,Colorado,20350,-46.047464,-46.676402
Shannon Obrien,78,418 Paula Spur Suite 394,Pearsonshire,Louisiana,59052,-178.593932,80.802456
Holly Griffin,26,30040 Jones Lake Apt. 825,West Jessica,Kentucky,16269,-8.142499,-51.829454
John Cruz,78,15316 Powell Field,Lisaborough,California,63640,49.030737,15.759506
Karen Smith,75,4290 Mcgrath Inlet,West Jillside,Connecticut,50099,-159.926431,-47.1734085
Tracy Lutz,54,2634 Jessica Skyway,West Gabriel,Virginia,34623,-167.425166,87.321336
Rebecca Robinson,58,312 Connie Station Suite 617,Benjaminberg,Nebraska,76087,16.547599,-11.1471195
Steven Baxter,47,250 Hess Points Apt. 882,Stokesstad,Michigan,21502,142.888966,-61.6623945
Mrs. Jennifer Johnson,55,698 Patricia Square,Christinaburgh,Washington,63065,139.167763,-60.4316135
Alexandra Orozco,37,8990 Kimberly Cove Apt. 203,Christophermouth,Maine,06342,-171.197102,-58.903587
Ellen Smith,25,54211 Perez Wells Suite 316,Snydermouth,Washington,04546,-59.350196,15.191972
Heather Chapman,65,78053 Troy Locks,Lopezland,Colorado,20575,104.459370,-88.230872
Spencer Wood,70,1212 Kelsey Row,Chavezport,Utah,15271,91.484452,77.270472
Heidi Maldonado,60,49464 Martinez Bridge Apt. 186,Robersonville,Virginia,62979,31.458993,-67.955369
Jillian Lester,64,291 Emily Dale,Gentryfort,Minnesota,47732,-126.702413,83.5128855
Corey Young,31,385 Howe Pike,Lake Colleen,Washington,50906,108.355606,84.1518745
Thomas Wolfe,33,90627 Williams Radial,Heatherstad,Mississippi,54936,-21.561723,-61.054695
Dominique Reid,61,3067 Michael Plain Suite 160,Maloneview,South Dakota,31081,134.510716,-4.826349
Rebecca Alvarez,53,36824 Mason Canyon,South Wendyland,South Dakota,51800,-77.584935,10.370317
Ryan Mitchell,30,08556 Jenkins Pike Suite 881,North Deborah,New Mexico,93312,16.788536,38.5245505
Tiffany Sutton,35,13194 Farmer Prairie Suite 742,Leonberg,Hawaii,12266,170.064141,-11.632544
Steven Diaz,70,3886 Matthew Views Apt. 562,South Austinville,Wisconsin,96295,165.009172,56.5863235
John Fisher,62,9981 Mary Pass Apt. 245,Marthamouth,Delaware,33369,175.568512,-84.0883035
Mr. Zachary Mullen,64,15770 Stephanie Court Apt. 319,West Daniel,Oklahoma,33286,46.699475,0.722957
Christopher Johnson,52,9926 Leonard Way Apt. 421,Jenniferside,New York,96399,-98.291855,-52.838851
Angela Delacruz,31,419 Reed Overpass,Davidmouth,Wyoming,21853,-103.420409,54.1076855
Lauren Wilson,18,680 Miller Plaza,Port Hannah,Georgia,18279,130.489638,-83.5016195
Ashley Garza,48,92236 Ross Parkways Apt. 776,North Charlesport,New Jersey,09587,-161.455379,33.5513625
Mark Bell,80,63393 Santos Keys,Lake Todd,North Dakota,62295,120.057015,-17.1276225
Jason Molina,26,6610 Beth Circle,Michaelport,Washington,09082,156.716659,41.789091
Anna Rhodes,23,13341 Bryce Gardens,East Benjaminburgh,New York,95072,100.895924,-39.0505055
David Collier,60,762 Cannon Lane,Walkerborough,Oklahoma,15757,-28.820858,-47.9884325
Mathew Sutton,19,7136 Castillo Alley Apt. 832,Christopherstad,Wyoming,69912,-40.779334,29.400183
Brandon Page,55,2640 Thomas Locks Suite 756,Lake Laurenmouth,Georgia,85862,-178.803118,-25.556974
Caitlin Cox,39,87491 Kristina Row Apt. 121,East Taylorberg,Idaho,59568,178.301467,67.426076
Jeffrey Arnold,72,04638 Shannon Cove,Cookland,Massachusetts,85619,-92.188847,18.0279285
Matthew Rodriguez,75,07641 Davis Summit,South Lisa,Minnesota,56965,67.582374,-72.0755575
John Liu,47,40147 Miles Dale,Deannaberg,Montana,23912,-164.665424,-18.5264855
Angela Richards,52,04280 Swanson Roads,Lake Veronicaside,Alabama,43302,34.601288,-17.1096675
Stephanie Salazar,68,8705 David Flats,Port John,Oklahoma,44524,-29.593132,-67.487882
Kevin Long,56,892 Woods Lake Apt. 575,Mcmillanhaven,West Virginia,36973,-83.886012,47.5077785
Marcus Haynes,71,0309 Anthony Extension Suite 069,East Connor,New Jersey,26713,146.015552,-12.1168255
Rachel Smith,66,471 Michele Divide Apt. 776,New Jamestown,Arizona,01731,149.039208,22.2160675
Vincent Barron,45,272 Hull Walks Apt. 603,Johnfort,California,42870,-168.304480,77.892394
Jeremy Estrada,48,057 Trevino Fall Apt. 254,Russellmouth,Minnesota,88311,-147.795503,46.164394
Joshua Daniels,67,087 Sydney Divide Apt. 075,Trevorbury,Michigan,41306,-23.643901,29.223109
Randy Jackson,29,5583 Wilson Flats Apt. 646,Dariusport,Maine,32261,-22.330236,-25.1572835
Ashley West,34,546 Williams Roads Suite 725,Montgomerybury,Kansas,80116,-74.471410,69.2449195
Courtney Carter,55,807 Tammie Trail Suite 410,Jessicaborough,Pennsylvania,80202,-126.862324,-55.319721
Elizabeth Johnson,39,943 Phillip Coves Apt. 428,West Angela,Alaska,24325,74.799850,87.969964
Anna Jones,21,4164 Donna Cove Apt. 303,Lindseymouth,Wyoming,90762,-174.480629,56.7484405
Kyle Neal,33,8623 Timothy Divide,Leachton,North Dakota,04562,-104.900118,-85.2547975
Mrs. Andrea Barrett MD,67,766 Larson Radial,Lake Ryan,Indiana,16965,121.883422,-29.8650295
Wanda Ferguson,35,64993 John Lodge Suite 826,Daisyfort,Georgia,12107,13.374343,67.992987
Tonya Hamilton,18,229 Tony Spur,Sherryport,Idaho,59710,-159.918635,13.840886
Ethan Rodriguez,66,884 Troy Greens Suite 037,Brandistad,Nevada,52958,46.044947,22.848431
Heather Martin,50,46949 Mcgrath Ford,New Kristin,Massachusetts,00750,53.914176,-38.074121
Maria Hunt,77,0970 Daniel Dale,Joshuatown,Virginia,10793,0.711649,-60.2237095
Katherine Wilkinson,45,20746 Evans Cliffs Apt. 141,Keithside,Oklahoma,45349,-112.773410,-33.087277
Dylan Ramirez,30,579 Nelson Fork,East Michael,Iowa,42513,-152.539334,-86.3484985
Ebony Faulkner,40,5591 Tucker Meadow Suite 680,Jasonmouth,Utah,56082,-10.356632,55.197414
Ian Burton,26,5960 Smith Harbor,North Curtisstad,Wisconsin,18485,96.615002,-69.863413
Michael Sawyer,70,89255 Sandra Drives,New Susanchester,Delaware,31345,-168.092466,-11.7923045
David Harris,41,0647 Linda Cliffs Apt. 833,Travismouth,Georgia,50635,172.643750,-26.644759
Ellen Allen,65,30080 Barr Unions Apt. 822,Carpenterville,Illinois,12243,-46.524317,-87.108704
Daniel Jones,49,6450 Reyes Tunnel,South Melanie,Kansas,52262,-174.505649,-34.7120665
Paul Sweeney,70,95592 Rebekah Estate,Hopkinsfort,Utah,09401,-92.112354,-88.863891
Regina Wallace,40,986 Rivera Mountains,New Bradley,Florida,39619,156.007058,-21.609560
Mr. Darren Beck,55,0779 Beard Port Apt. 991,East Ronaldstad,Delaware,55590,0.551707,32.2633635
Julie Alvarez,33,38806 Ronald Port,Nelsonside,Wisconsin,93368,13.257522,56.7195615
Mario Russell,59,7742 Myers Corner Apt. 137,New Johnview,North Dakota,49756,26.570232,-14.8604115
Christopher Harmon,42,74830 Zoe Rest Apt. 090,New Aaronfort,Louisiana,33336,60.283518,52.102141
Cynthia Bishop,49,884 Smith Track,New Austinberg,New Mexico,26308,-145.848027,-1.656463
Carlos Freeman,62,251 Lisa Forest,Justinmouth,Kansas,42861,62.157533,-8.4628565
Jaime Martin,18,3710 Kristi Canyon,Wilsonhaven,Oregon,77383,8.268172,-26.7226445
Candice Huffman,60,9575 Lori Way Suite 000,Laurahaven,New York,00864,-130.611367,-3.541554
Sarah Gomez,64,209 Dana Pass,West Jessicashire,New Jersey,21987,-86.014228,-41.1616005
Ashley Patrick,38,308 Chase Common,New Ginaborough,Massachusetts,80013,129.157908,58.8318055
Preston Evans,20,6428 Cantu Tunnel,Lake Richard,Georgia,55409,162.719796,6.5418535
Adam Carpenter,48,91670 Andrew Corners Suite 809,North Bethshire,Virginia,29930,-21.330893,-68.481284
Tina Sutton,44,77085 Davis Islands,South Edward,Delaware,02130,74.909650,-6.050862
Cassandra Drake,43,015 Nichols Lakes Apt. 746,Holmesfort,Oklahoma,26042,-176.339867,27.2071645
Michael Hall,43,1197 Warren Greens Suite 601,West Michael,North Carolina,43111,-89.579327,41.126871
Mitchell James,46,5527 Nicholas Mills,New David,Alabama,89853,37.914332,-61.091073
Stephanie Cherry,60,874 Shannon Overpass,Port Daniel,Utah,03477,-27.564114,40.3859965
Juan Smith,63,459 Freeman Field,Millermouth,North Dakota,96550,30.830662,-29.5115965
Gabriel Richardson,74,9692 Morgan Cove Suite 828,North Stefaniehaven,Maine,36597,-88.572200,20.5824945
Troy Herrera,34,3872 Khan Pike Apt. 447,Williamsfort,Hawaii,04351,-159.933125,57.1888395
Danielle Brown,47,1039 Sandoval Fields,South Arthur,Delaware,94688,-5.391784,-41.0866185
Suzanne Short,19,7506 Adams Lane,Lake Kevin,Alabama,91810,129.491839,45.8497825
Kaitlyn Cooper,62,64342 Samuel Greens,Hernandezfort,Colorado,66578,-61.816362,21.4574885
Deanna Valdez,58,6611 Nicole Expressway Suite 471,Victoriamouth,Kentucky,42728,-157.441943,40.7846075
Jennifer Ross,45,107 Wright Dale,Leeshire,Connecticut,34416,164.112545,39.4775715
Jacob Gonzales,47,929 Roger Rest Suite 119,Lake Brandyborough,New York,06217,-109.145571,-4.726282
Tracey Small,27,258 Riley Stravenue,Port Anthonyhaven,Kansas,75385,-66.388541,-89.1886755
Shannon Alvarez,42,163 Parker Station Suite 833,Meredithland,New York,30433,144.705069,-88.128056
Johnny Rodriguez,66,8114 Patton Rue Apt. 455,New Amyton,Colorado,42606,83.844890,5.7500945
Bill Smith,31,6748 Lisa Lock Suite 138,Lake Katie,Washington,23825,-2.306039,89.2751085
Katelyn Adkins,67,7229 Joshua Glens,Hughesfurt,Alabama,98305,160.289311,-71.552081
Robert Foster,35,891 Hannah Drive Apt. 917,New Emily,California,83921,135.488494,80.710527
Randy Rowe,65,0455 Anthony Streets,Richardfort,New York,45582,106.611566,-29.607955
Terry Knox,71,1767 Jesse Cape,Port Cynthiachester,Kentucky,54168,-25.569142,-67.3650835
Elizabeth Bowers PhD,49,5226 Williams Shore,Lake Aprilfort,Alaska,65900,-83.601307,-48.3819975
Shannon Nguyen,62,5544 Dougherty Plains Suite 145,Fieldsland,New York,23650,-70.506265,69.459362
Virginia Bailey,80,5504 Peterson Landing,East Jacob,Colorado,72853,-114.125393,-70.0974065
Robert Spencer,68,67084 Cheryl Fields,Elizabethshire,Virginia,03550,-32.789905,-31.5824105
Tony Turner,19,783 Cameron Burg Suite 022,Kellyborough,Washington,42198,-0.501735,77.565522
Frederick Mack,79,1920 Flores Court Apt. 967,Autumnton,Montana,70912,167.719349,7.8968555
Virginia Garner,53,1731 Dawn Street,New Ronald,Florida,08386,131.869973,-15.2811235
Michelle Robinson,36,233 Susan Plain Apt. 863,North Jennifer,Iowa,54134,163.077183,55.8434845
Heather Marshall,39,6005 Anderson Stream Apt. 535,Josephfurt,Arkansas,82840,109.345079,88.1206415
Kimberly Wright,80,439 Chelsea Loaf,Port Carl,Arkansas,22068,158.950056,-9.2695395
Leslie Johnson,61,14405 Sean Summit,New Austin,New Mexico,78336,-56.480520,-55.9026355
Samantha Sullivan,78,292 Michael Canyon,Coffeyfurt,Kansas,32006,86.018266,-11.9468135
Valerie Wade,39,316 Sean Locks Apt. 759,Lake Pamelamouth,Mississippi,74459,-118.210459,31.4581855
David Lewis,64,506 Olson Cove,North Christopher,New York,79414,-64.169040,71.110512
Alan Humphrey,37,1431 Kevin Village,West Phillip,Mississippi,60733,144.505722,-2.3717495
Brian Wong,74,387 Tanya Radial Apt. 983,New Joseph,Colorado,35471,3.328801,69.575280
Phillip Garrett,49,49137 Ian Groves Suite 643,Michelleland,Nevada,29718,171.291085,-54.0297335
Mark Berry,36,716 Jeffrey Corner,Hendersonburgh,Wyoming,11826,-164.816885,9.9651505
Jennifer Ward,73,156 Quinn Dale Suite 960,Shellyburgh,Mississippi,26319,-157.816429,24.027662
Lauren Nelson,32,729 Gibson Valleys Apt. 415,New Michaelfort,Virginia,02168,27.817351,-78.7784175
Susan Austin,76,67416 Sara Lock,Harrisonville,Maryland,55231,33.747901,30.4983975
Mary Ellis,33,8974 Ricardo Fords,East Thomas,Alabama,51992,13.754693,46.3040085
Joseph Hooper,32,302 Nichole Greens,Kevinborough,Ohio,29021,-170.656071,-84.7678565
Aaron Chavez,72,6017 Martinez Ferry,East Markbury,North Carolina,47788,-85.433633,-33.7860935
David Robinson,48,585 Kelly Valleys,Crossmouth,Wisconsin,48921,100.084305,-38.674220
Jessica Douglas,60,102 David Turnpike Suite 903,West Jacob,Indiana,49059,-50.407668,54.907033
Daniel Howell,25,42010 Dixon Views Apt. 766,Karenmouth,Delaware,96538,23.599999,9.459835
Taylor Pollard,44,739 Foster Radial,Cochranhaven,Maine,92028,93.073884,87.6785805
Allison Burch,65,52708 Troy Meadows Suite 352,Oliverberg,Connecticut,04513,-82.551312,-68.4555705
Jessica Tucker,73,8933 Hughes Garden,Brianbury,Kansas,49417,-141.383771,-42.0397615
Jeanette Beck,60,5523 Dillon Shore,South Rhonda,Virginia,89426,-78.330509,-67.785554
George Hall,36,800 Simmons Port,Haleberg,Wisconsin,75124,106.574105,54.239446
Theresa Williamson,39,65772 Gregory Island Suite 185,Port Gregory,Georgia,26187,-144.313532,10.102951
Mrs. Crystal Gardner,43,766 Flores Rapid Suite 824,South Joshualand,Kentucky,13049,-139.229274,15.974549
Gabriel Davis,47,1331 Smith Cliffs Suite 273,Hernandezside,Michigan,85335,155.279404,57.407354
Eric Fernandez,61,8997 Bailey Manor Apt. 505,East Melissaville,Massachusetts,04035,74.682800,-76.310713
Debra Noble,29,0386 Mills Canyon Apt. 564,Stevenstad,Colorado,47063,82.161933,6.050752
Claudia Sanders,71,9313 Leon Station,Lisafort,Hawaii,54410,128.352293,-89.5030075
Sarah Mills,21,424 Melanie Stream Suite 669,Smithshire,Indiana,53192,43.790231,-82.3600965
Dawn Kemp,66,066 Jason Locks Apt. 077,Christopherfurt,Rhode Island,22061,131.600756,81.2356155
Jeffrey Carter,62,9070 Thomas Expressway,Browntown,Washington,89331,37.754227,59.3339865
Charles Mora,38,42046 Brian Mount Suite 600,West Kimberly,Wisconsin,20949,154.143283,-78.765757
Brandi Haney,71,3461 Jonathan Islands Suite 507,North Daniel,Virginia,09008,-126.798679,89.0023575
Samantha Thomas,65,3274 James Mall,Houstonmouth,Connecticut,67004,17.256281,51.8173505
Jamie Bird,67,477 Daniels Track Apt. 483,East Carriechester,New York,64366,-165.995536,72.355020
Amanda Blackwell,33,46602 Mendoza Villages,West Colin,Rhode Island,80250,55.565603,-42.3542695
Henry Smith,36,99394 Jeremy Creek Suite 427,Port Jose,Mississippi,81816,28.682619,-38.5398415
Alicia Carpenter,71,718 Carter Fords Apt. 428,New Andrewfurt,New York,90148,32.059872,8.117769
Angela Adams,71,996 Brown Forge Suite 009,Jamesside,Pennsylvania,50245,-24.638005,82.7459065
Jodi Tucker,29,656 Montgomery Ferry,East Abigail,Alabama,24563,-176.365746,4.1115085
Richard Ball,18,59241 John Mount,New Christinestad,Florida,88914,-44.841598,56.0009005
Mr. Thomas Ross,32,84974 Dillon Mountain,New Dennis,Connecticut,73770,-23.716081,70.053362
Ray Sawyer,50,366 Tran Forks Apt. 969,East John,Kansas,47934,21.112519,69.544362
Emma Callahan,55,04686 Martinez Vista Suite 106,Johnhaven,Ohio,41635,-124.577476,0.987558
Sally Hunt,21,196 Kelly Knoll,Ramoston,Michigan,09793,-109.317529,3.5363205
Mark Baird,26,6646 Jessica Street,Matthewhaven,New Hampshire,01399,134.143320,79.8084445
David Bush,70,9765 William Points Suite 951,Phyllisfurt,Illinois,08731,128.278369,-75.032732
David Collins MD,52,7393 Cristian Valleys Apt. 925,Kristinton,Alaska,34501,106.263031,-2.701169
John Willis,19,8349 Robin Junction Suite 285,Port Mariahtown,Tennessee,18504,142.217600,85.622698
Catherine Russo,45,84787 Burton Valleys,Port Carlfort,Louisiana,84766,119.507827,-75.1718525
Kara Leonard,49,952 Terri Falls,East Bryan,Pennsylvania,06665,-172.029741,3.546067
Mrs. Nicole Ruiz,63,3184 Douglas View Apt. 928,Port Leahland,Wyoming,32313,67.950361,-8.171194
Robert Cook,18,7983 Parker Fort Suite 095,Lake Parker,Maryland,42921,174.035271,37.841415
Margaret Welch,64,42758 Michael Path,Jessicafort,Mississippi,54750,72.665817,6.1435375
Kristy Stewart,60,5087 Lisa Isle Suite 306,Nelsonmouth,Hawaii,54900,91.353244,-5.027236
Brandon Young,25,3563 Sara Road Apt. 616,West Abigail,New York,01221,162.675455,28.7041345
Tim Rogers,76,002 Nielsen Parkways,Gambleshire,Colorado,27162,174.417902,30.2310995
Joshua Ewing,67,9503 Cheryl Run,West Sarahstad,Washington,41446,62.451901,7.117093
Daniel Wood,65,3720 Chapman Club,Donnaton,North Dakota,97989,157.019341,17.768403
Zachary Dunn,50,4154 Wyatt Crest Suite 158,East Peter,Massachusetts,68474,-41.441486,-58.398422
Holly Smith,57,120 Alexander Drives,Reyeschester,Maryland,60234,68.428653,-88.423558
Angela Moss,69,3562 Stone Burg,Amandaton,Nevada,46637,-82.886546,-6.694290
Benjamin Ortiz,76,56379 Johnson Knoll Suite 912,Martinmouth,Kentucky,67938,52.515500,26.315694
James Smith,41,435 Beck Island Apt. 336,North James,Rhode Island,74967,116.669100,1.2123225
Richard Hayes,40,5913 Williams Estate,North Anthonyhaven,Nevada,41112,119.298300,84.0583435
Sheila Ross,67,10881 Hart Parkways Apt. 759,New Dakotaburgh,Rhode Island,64937,-162.102773,47.418319
Marcus Flores,62,723 Fernandez Brook,Lake Elizabeth,Wisconsin,08467,-66.480957,-0.596413
Shannon Norton,27,7802 Shannon Mountains Suite 232,Hamiltonside,Iowa,48213,-123.513436,-9.182760
Brittany Burch,66,901 Russell View Suite 899,South Michelle,Nebraska,49338,-159.718902,50.276963
Melissa Cox,79,011 Charles Path Apt. 693,New Frank,Pennsylvania,57815,53.858212,-71.0088785
Chelsea Zavala,35,0940 Shawn Corner Apt. 682,Bettyberg,Alabama,86195,-179.825666,-15.965924
Andrew Moore,65,07313 Mary Landing,Marcushaven,Missouri,22498,-146.559871,29.1918965
Whitney Henderson,43,6843 Forbes Spur Suite 639,Lake Pamelatown,Missouri,12075,96.641424,-64.453262
Jill Brown,61,45412 Murphy Highway,Brittneystad,Arizona,19342,8.586960,-28.3213775
Victoria Johnson,68,2929 Smith Crescent,East Steven,Virginia,52611,-146.413926,57.392124
Jeff Sanders,25,03235 Smith Gardens Apt. 418,Stonebury,Louisiana,44619,173.588041,19.213351
Mr. Jerome Banks,22,3940 Smith Cape,Turnerbury,Kansas,05707,116.064689,60.823443
Jennifer Mcintosh,38,300 Bennett Ports Suite 286,Lake Richard,Idaho,46785,-166.754661,83.064485
William Becker,27,52349 Sarah Brooks,Stephaniestad,Pennsylvania,53883,-169.717382,-68.7503165
Stephanie King,24,6886 Joseph River Apt. 786,Greerside,Utah,42643,13.713273,-64.4665395
Bryan Payne,66,2887 Graham Courts,South Christian,Pennsylvania,46382,-88.499947,-37.7601315
Brenda Jackson,78,910 Peterson Glen,Amyburgh,Alabama,21246,-146.400820,-88.5009885
Anne Stewart,67,444 Jensen Key Suite 207,Chamberstown,Arizona,52534,88.608121,10.257735
Jennifer Savage,57,6744 Amber Villages Suite 789,Jillton,Louisiana,93447,-99.338326,22.029643
Andrew Harmon,59,015 Leah Manor,East Susan,Maryland,15167,52.021090,40.220269
Eric Strickland,48,847 Cook Green,Davidtown,Ohio,13620,50.695073,-25.8535165
Timothy Dixon,25,80904 Edwards Tunnel,West Davidville,Arizona,87601,-19.151555,20.9767445
Evan Schneider,56,7402 Manning Extensions Suite 467,Debratown,Washington,41731,-109.762539,-10.7821405
Carol Johnson,28,493 Kevin Glens Apt. 503,Nathanielfort,Louisiana,28082,72.218329,-43.438496
Adam Pope,51,31444 Colleen Forge Apt. 084,Scottberg,Utah,83971,-168.002321,37.7994965
Scott Taylor,63,2619 Anderson Fords Apt. 484,Kimmouth,Wyoming,62654,150.604240,-21.6116645
Mark Garcia,57,26540 Hernandez Locks,North Vanessafurt,South Dakota,95886,79.230819,-19.480961
Rebecca Edwards,39,012 Mitchell Port,Port Martha,Vermont,18881,155.195690,-39.847781
Jaime Griffith,49,97684 Curry Rapid,Hicksmouth,New Hampshire,31444,-127.915700,-50.202698
Joshua Powers,26,21024 Ashley Island Suite 269,Simmonshaven,New York,87136,32.239831,-44.0799945
Jonathan Powers,29,781 Taylor Mountains,North Justin,Montana,97177,-171.633944,-69.304173
Eric Torres,40,236 Fernandez Spur Suite 728,Patrickside,Maryland,51183,-25.841038,-14.755497
Benjamin Thompson,36,2635 Jones Light Apt. 578,West Todd,Ohio,47094,-114.093487,4.961543
Tyler Hughes,67,41699 Black Fields,Benjaminland,Arkansas,88163,-172.666177,-25.859880
Laura House,80,261 Sanchez Lodge,Watsonmouth,Arkansas,67434,23.131349,-43.361500
Austin Jones,77,526 Palmer Pine Apt. 106,Jacobport,Iowa,40874,-151.366002,-28.525594
Nichole Byrd,76,91407 Jason Junctions,Freemanbury,Arkansas,62982,-62.250413,-63.0686915
Lori Johnson,67,0007 Melody Trafficway Apt. 426,Port Charlesberg,New Jersey,87240,-159.755318,-70.170286
Jason Durham,35,5670 Lisa Mount,South Kathryn,New Jersey,70780,65.488835,86.928828
Brandi Scott,21,12591 Harvey Ranch,Port Roy,Idaho,94259,-95.410005,-50.4948455
Mary Hammond,46,92967 Gomez Common Apt. 670,Patriciaview,Michigan,80955,-144.330469,-80.9416125
Timothy Martinez,79,222 Green Plain Suite 800,Coleside,New Hampshire,42919,102.069631,70.468206
Rebecca Randall,61,35389 Margaret Loop Apt. 148,Jasonhaven,Georgia,94918,84.712095,69.361541
Antonio Murphy,79,71672 Scott Run,South Michelle,North Dakota,89597,-152.532980,-2.788390
Donald Conrad,58,1380 Emily Wells Apt. 873,Lake Brenda,Florida,53933,44.648187,-29.058910
Robert Miller,25,807 Gomez Groves Suite 195,Emmaland,Alabama,73592,49.772268,-67.9960495
Charles Jones,37,4836 Beck Islands Apt. 136,New Allisonfurt,Iowa,89719,21.712349,39.3530535
Ann Blackwell,65,78870 Melanie Brook,Maddoxhaven,Oregon,37805,39.886029,-78.0313795
Samantha Carter,71,49050 Melanie Forest,North Sharonborough,Utah,59435,151.823139,-43.4889735
Paige Powell,52,680 Timothy Junction Suite 012,East Vincentview,Connecticut,56461,108.360827,-23.711410
Pamela Garcia,32,76412 Brittany Groves Suite 974,North Christineland,Missouri,09222,145.960810,-73.706022
Caroline Gonzalez,35,655 Kristina Lakes,Lake Justinmouth,Texas,78090,-158.359253,59.6210045
Laura Clark,43,4375 Paula Circles,Cranebury,Hawaii,04431,104.863470,-37.709706
Leslie Wagner,47,089 Byrd Square Suite 122,Guzmanfort,Delaware,52914,-13.942129,40.496078
Richard Nolan,55,9339 David Points,Roachstad,Minnesota,50103,39.083067,-88.832930
Paul Fisher,33,63572 Melissa Light Apt. 128,Carrton,Virginia,86265,-143.809023,9.498900
Christine Graves,75,6565 Victor Heights Apt. 093,Carrillomouth,Kansas,24041,20.145640,-8.4572445
Mckenzie Archer,45,02957 Peterson Path Suite 172,Thomasborough,Texas,69297,95.496911,57.8115055
Miss Anna Valencia,62,51388 Johnson Trafficway,Shawnmouth,Texas,39965,136.834620,-9.0659805
Timothy Monroe,49,28482 Sloan Gardens Apt. 182,Stevenmouth,Oklahoma,02446,66.792599,72.9209625
Grant Chung,74,308 Porter Fort Suite 547,Marymouth,Georgia,28884,-89.809333,36.718191
Steve Diaz,61,0663 Singh Ridges Suite 994,Cynthiaside,Iowa,35773,-107.308638,5.4605225
Donna Ramirez,56,20940 Tami Court,Longfurt,Pennsylvania,47614,-32.745577,-32.1963675
Angela Villa MD,59,660 Schroeder Mountains,South Heatherview,Rhode Island,79808,-122.119463,-5.164180
Jennifer Gates,56,108 White Court Apt. 036,South James,Delaware,35403,87.255295,-63.620609
Caitlin Dominguez,79,325 Brown Curve,Claytonfort,Montana,08832,-5.977560,-30.347317
Michelle Thompson,68,871 Michael Prairie,East Richardside,West Virginia,69473,-5.810359,-14.368438
Chelsea Garrett,68,29439 Leonard Views,Louisside,Indiana,94086,-28.425398,83.314811
Robert Roberts,44,2743 Gonzalez Ports Suite 017,East Matthew,Indiana,48773,83.327988,22.929055
Kerry Davidson,75,83424 Robin Pike,South Suzanne,Missouri,17297,-178.428957,-89.7438655
Dr. Hailey King DVM,56,9920 White Creek Suite 834,Christopherland,Texas,09950,-40.482168,38.666607
David Petty,28,885 Debra Dale,North Steven,Alaska,37377,167.191625,-10.228888
Alice Lindsey,61,8202 Garcia Mews Apt. 864,Alexanderbury,Maine,07274,86.164170,42.276685
Benjamin Stein,40,7489 Williams Park Apt. 405,Holmeston,Arizona,69287,-101.359832,15.1308355
Margaret Hudson,33,6846 Acosta Square Suite 554,Christophermouth,Colorado,46699,-148.581649,-66.399063
David Wilson,49,5308 Matthews Mall,South Michaelton,Pennsylvania,65314,-119.600140,25.3787805
Mary Davidson,31,801 Melanie Stream,Jonesbury,West Virginia,17756,3.006999,25.033954
Michael Pittman,25,473 William Ways Suite 818,Jeffreyton,North Dakota,79289,156.196163,67.845457
Amanda Andrade,31,239 Daniel Knolls,Ruizfort,Illinois,73401,-55.509168,-42.4306805
Jason Pace,75,26538 Rowe Harbor,North Michaelmouth,Ohio,05860,-109.952520,-33.263305
Joshua Wilson,20,0866 Brandon Alley Apt. 855,Romerochester,Iowa,88741,-52.191747,-22.275969
Helen Rowland MD,77,10559 Mercer Stravenue,Joshuashire,Colorado,46150,-43.760788,-7.3763495
Brent Carson,42,16300 Michael Loop,Mariotown,Minnesota,60930,-94.262351,69.9790615
Gregory Pacheco,18,0667 Joshua Passage,West Amber,Washington,04220,-95.443469,57.503263
Raymond Flores,77,9796 Shepard Points Suite 706,Pearsonstad,Hawaii,92457,71.049585,-4.727819
Melissa Perkins,24,17615 Edwards Junction Suite 904,Cameronchester,Georgia,58572,131.548674,-37.306961
Cassandra Mccormick,26,561 Brewer Oval Suite 864,South Hollytown,Illinois,37973,-17.460501,-13.523720
Kara Smith,52,07550 Dixon Crest Suite 170,Kimtown,New Jersey,75256,-0.577464,-78.7682125
Louis Bradley,19,71135 Joseph Passage Apt. 585,Lake Kelsey,Idaho,97889,40.412622,-72.4145005
Anthony Short,35,405 Paul Junctions,Abigailtown,Rhode Island,50509,-143.920347,-18.493945
Diane Miller,79,7385 Jesus Ramp,Lake Natalie,New Mexico,33730,-114.714282,-52.3928175
Julia Jackson,72,70564 Cynthia Spur Apt. 908,Maldonadoshire,Virginia,39877,81.487122,-10.8174885
Jamie Reed,72,0562 Hoffman Forest,Woodfurt,Arkansas,53183,153.120326,-63.6293795
Ronald Long,34,95666 Ashley Mills,North John,South Dakota,90555,-77.967129,-30.9160195
Todd Adams,20,63811 Stone Isle Suite 048,Lake Reginald,Arizona,70674,-9.387260,8.7600125
Mary Gomez,47,4482 Martin Station,South Michelle,New Jersey,69964,105.398893,-70.501918
Andrea Keller,27,889 Gary Lights Suite 545,Deborahstad,New Hampshire,27733,176.943097,-4.7862225
Stacy Robbins,23,9237 Joshua Throughway Apt. 241,Port Diane,Kentucky,49356,70.233314,80.0807395
James Reynolds,34,1271 Jonathan Lock Suite 390,South James,Texas,69348,22.150662,6.5511565
Olivia Turner,58,372 Hall Ports Apt. 972,Donnafort,Tennessee,57762,-162.589776,57.2281435
Peter Cannon,69,2353 Combs Dam,Johnside,Illinois,83854,-167.183978,88.2111325
Becky Castro,36,935 Hannah Run Apt. 376,Nicholemouth,Montana,41291,-49.491450,-68.7567965
Melanie Gonzales,77,3958 Harmon Village Suite 328,South Diana,New Mexico,74318,-62.331509,-74.077688
Danielle Stewart,65,41849 Price Islands,Cruzstad,Vermont,45096,-49.605701,-70.1763625
Francis Jones,33,90232 Hart Shoals,Lake Kelseytown,Nevada,22482,-100.884368,86.4401795
Brian Wolf,71,931 Evans Club Suite 224,Sierraberg,Florida,88793,-52.073958,68.3921075
Gwendolyn Walters,35,2331 Turner Loop,Sandersside,West Virginia,64973,34.488865,-41.1967845
Kelly Ford,33,8667 Alexander Harbors,North Jennifer,Kentucky,34365,1.622153,-84.442247
Melissa Cobb,51,846 Tricia Land,Lake Andreachester,Michigan,69249,20.526430,-32.6833245
Jennifer Phillips,32,512 Anderson Plaza Apt. 749,Westmouth,Nevada,14381,74.750925,24.1892115
Paul Stevens,45,334 Tara Stravenue Apt. 338,North Cameronville,New Mexico,61033,-96.618011,-61.917591
Megan Elliott,20,42791 Hampton Light,Joseburgh,Utah,61486,53.287712,37.7829375
Stacy Reyes,23,087 Joshua Squares,Turnerfort,Florida,10043,130.138307,12.642402
Kerry Patel,48,76233 Ashley Well Suite 132,North Gabriellafurt,South Dakota,60658,-158.630852,-0.9523625
Joshua Myers,58,55924 Sarah Branch,New Megan,Vermont,63946,96.795042,-45.0771185
Danielle Mclean,70,13318 Valdez Ranch,North Jeffrey,Missouri,64899,142.044759,77.348978
Timothy Martin,18,090 Snow Road Suite 834,West Rachelhaven,West Virginia,27513,123.824739,-72.707029
Alexandra Nguyen,62,6498 Wagner Hills,Michellemouth,Louisiana,78387,-145.393242,58.469277
William Mcgee,75,8820 Mcgee Stream Suite 697,North Bryce,Minnesota,83446,119.909381,-12.594338
Melissa Brown,39,9187 Molly Streets,Gallegosshire,Wyoming,44407,124.890317,14.0674735
Theresa Lee,56,8441 Hamilton Shore,Michaelport,Delaware,66771,-13.223590,41.8017425
Connor Allen,55,67951 James Ridge Suite 107,North Scott,Wisconsin,05638,-23.611832,20.470464
Chase Ramos,76,35301 Roberts Meadow Suite 677,South Richard,Missouri,31317,-163.534291,-83.4951775
Jeffrey Walker,31,1174 Medina Island,New Joseph,Maine,35313,16.031039,-53.2271415
Raymond Smith,70,16408 Christopher Meadow,Mayoland,Missouri,57640,-46.102132,-55.977683
Jacob Perkins,27,914 Jessica Mountain Suite 984,West Stevenside,Connecticut,99113,-20.711390,15.2743195
Walter Adams,62,39802 Joshua Plain,West Wendy,Utah,54160,-7.422557,39.297623
David Smith,20,5208 Acosta Inlet Suite 957,Yorkberg,Virginia,57398,-9.000808,83.114175
Michelle Cochran,47,3302 Kathleen Stream,New Jeremiahport,Minnesota,01141,-151.352250,60.520351
Jeffrey Rocha,35,19734 Crystal Parkway,Port Laurafort,Connecticut,15383,-169.111549,-35.333147
Jason Johnson,27,933 Williams Mountain,East Christopherland,Iowa,80678,-129.638630,-71.8737705
Emily Sullivan,46,9391 John Junctions,Munozchester,Virginia,13831,73.119580,14.3056925
Cheryl Clark,39,4516 Elizabeth Creek Suite 011,Websterburgh,Georgia,95867,8.553445,77.7929355
Juan Coleman,25,44477 James Isle,Bradleyland,Nevada,29024,-23.169898,-75.498815
Mark Brooks,79,8622 Anderson Hills,Samuelshire,Michigan,08562,124.922126,-38.6431525
Robert Garcia,63,525 Brown Tunnel Apt. 794,Maddoxbury,South Carolina,33312,3.634475,55.134307
Ellen Howell,72,9682 Laura Via,New Dianaport,North Dakota,80241,-90.322020,-58.351080
Curtis Glenn,78,5637 Kevin Lock Suite 192,Johntown,Iowa,35017,146.097003,-20.678251
Timothy Wood,80,669 Proctor Lake,Port Ronald,North Dakota,10622,-3.411756,74.616147
Laura Mcguire MD,65,6796 Chen Garden Apt. 295,North Juliaview,Louisiana,43579,174.909685,71.017053
Angela Cruz,73,66589 Ricardo Locks,Pacefort,Maryland,37013,9.769892,-40.519049
Eric Nielsen,25,1247 Richard Mount Suite 050,Gomezmouth,Utah,85067,-15.924530,-73.8681285
Patrick Williams,26,942 Galvan Hills Suite 777,Brownton,Texas,11188,-138.111805,-61.6700745
Daniel Torres,60,30571 Carl Rapid,Heidichester,Alabama,32811,-69.372134,79.614336
Crystal Lucas,37,43404 Andrea Station,Lake Juliaview,New Mexico,50085,-81.401287,-18.2267035
Mary Andrade,66,637 Decker Lodge Apt. 608,West Debbie,Oregon,13033,65.992289,-42.9137195
Jason Thompson,19,117 Stephanie Course Suite 237,Port Rebecca,Montana,33610,-30.603240,-81.3888275
David Hunt,32,77602 Gates Spring Apt. 367,Johnsonfurt,South Dakota,40521,116.983807,-77.052624
Elizabeth Smith,53,12097 Matthew Cape Apt. 854,Lake Manuel,Hawaii,55447,85.061048,70.866517
Christopher Jones,67,509 Bell Plaza Apt. 299,New Oscarfurt,Massachusetts,29523,131.269303,-8.5306505
Roberta Gilmore,57,67047 Elizabeth Views Suite 756,Georgeburgh,Utah,36654,51.773563,-5.294343
Sandra Park MD,27,5428 Serrano Shore,Kelleyfurt,Kansas,81558,126.317131,41.5192365
Holly Krueger,60,121 Price Pines,East James,Ohio,51268,-143.326481,-44.0964425
Brianna Ruiz,50,44571 Alexander Hollow,North Ashley,Kentucky,41443,76.447942,-88.9715055
Tina Ellis,33,59439 Jeffrey Ridges Suite 579,South Jameschester,New Jersey,17613,26.786296,-35.832968
Todd Morales,73,98553 Luke Plaza Apt. 927,West Tyler,Nevada,30489,118.998463,-14.919203
Jennifer Boyle,52,932 Russell Loaf Apt. 206,Lake Charles,Nevada,02976,119.033443,6.1405145
Tracey Anderson,50,38892 Timothy Estates,Port Mary,Missouri,34228,-133.819924,22.6474265
Clifford Pope,38,31373 Fletcher Views Suite 989,East Brian,New Mexico,45863,1.562207,17.036429
Christy Pugh,72,2580 Justin Rue Suite 231,Williamsshire,Vermont,22043,137.724020,-62.1880745
Rachel Vargas,41,8594 Deborah Orchard,Ericside,Maryland,66401,50.847086,43.5697305
Julie Haley,63,572 Christina Wells,Julieport,Nebraska,14800,7.060840,69.2576035
Randy Shields,34,163 Sanchez Parkway,Shaffershire,New Jersey,28781,15.781026,-40.240500
Christopher Hall,80,32274 Gonzalez Stream,Lake Larry,Michigan,36403,57.463546,65.7304265
Rebekah Keller,58,3594 Jeffrey Dale Apt. 006,Lake Kimberlychester,Missouri,42148,157.101740,-58.3793905
Lawrence Graham,80,846 Contreras Lodge Suite 797,Lake Cynthia,Arkansas,28838,87.579021,-61.5526145
Stephen Kemp,68,348 Campbell Motorway Apt. 842,North Michael,Georgia,31189,165.321914,-26.665995
Edward Mcdaniel,75,449 Hardin Cliff,Johnmouth,North Dakota,12693,131.368206,-21.4677695
Melissa Ortiz,61,4538 Phillips Mountains Apt. 711,West James,Utah,10798,-27.819300,28.020143
William Riley,40,022 Walker Inlet Suite 276,East Wendyville,Colorado,06336,139.613358,64.4193995
Mr. Brian Ross,65,382 Kristen Tunnel,Maldonadoton,South Dakota,77120,-160.963905,-73.577463
John Jacobs,71,87727 Wallace Plaza,New Barbarastad,New Mexico,40080,108.183852,5.2533175
Edward Hall,47,709 Erickson Station,Johnmouth,Iowa,91316,-102.102450,-5.8193505
Dylan Chapman,33,55580 Gerald Inlet Apt. 507,Lake Carly,Idaho,56757,171.305761,43.5158735
Daniel Gibson,43,9650 Liu Streets,Lake Donna,North Dakota,65049,149.509891,30.9320295
Summer Herman,40,9151 Jones Unions Apt. 449,Nicholsport,South Dakota,17082,134.871028,-7.3496325
Alison Martinez,27,41373 Stephanie Turnpike,Garcialand,Kentucky,22044,107.771780,19.0286995
Andrea Page,74,05995 Pham Trail Suite 423,Davisland,Rhode Island,19354,-162.262585,-69.187710
Wendy Harris,71,697 Haley Mountain Suite 567,West Jenniferton,Virginia,88231,98.185403,31.9069385
Justin Cuevas,46,27446 Bradley Light,East Dianeport,Minnesota,79906,-124.744112,-73.223225
Joshua Evans,41,195 Timothy Isle,New Kristenchester,Louisiana,58972,49.152137,-12.229093
Bethany Garcia,32,58213 Brandy Spring Apt. 430,West Cynthiafurt,Mississippi,50252,144.450257,-51.4427765
Jeremy Nelson,72,807 Johnson Lodge Suite 006,Port Katherineport,South Carolina,22753,-70.256692,-74.589863
James Nichols,69,17142 Barnes Burg,South Jeremymouth,Oregon,08506,-141.741034,-46.7245675
Jennifer Mendoza,71,580 Troy Corner Apt. 764,West Christinaland,Kentucky,69593,148.375216,-34.429596
Zachary Tucker,46,37464 Tony Brooks,Scottton,Vermont,36038,20.328680,75.2678775
Ryan Armstrong,20,59440 Sanchez Divide,Bestside,Wisconsin,13905,93.497370,51.811281
Kenneth Lee,72,3071 Alvarez Parkways,Stewartville,Oregon,89407,124.822361,-11.9310655
Whitney Cortez,22,996 Lamb View,Port Christopherfurt,Kansas,14751,-103.588905,61.5469285
Jeffery Moon,71,4300 Hogan Underpass Suite 139,Levystad,Michigan,75976,-23.401737,-15.743469
Andrew Garner,78,31055 Peterson Highway,Amyfort,Nevada,11201,104.381093,35.121295
Kenneth Boyd,79,157 Brian Isle Suite 019,West Michael,New Jersey,44296,-77.419660,-69.3459975
Richard Russo,26,435 Johnson Ferry Suite 620,Vegabury,New Mexico,43044,173.589487,38.793899
John Kidd,49,546 Kelly Vista,East Angelaland,Alabama,86038,-103.501973,-42.304437
Charles Gibson,74,82275 Lynch Mountain,Lake Kristenborough,New York,19860,84.787040,7.434724
William Perez,42,175 Smith Cliff,Johnstonville,Texas,13870,16.435426,37.545824
Kathy James,23,907 Sarah Parkways,Susanville,Rhode Island,11760,-104.200405,38.452010
Rhonda Sexton,41,4289 Ruiz Path,Loganside,Wisconsin,26487,40.733770,32.435164
Rebecca Atkins,52,89448 Torres Key,Lake Brianmouth,South Dakota,52370,-37.877565,-36.370423
Jerry James,24,2322 Marcus Port,East Abigail,North Carolina,92408,134.874597,-70.7740885
Kenneth Williamson,39,1093 Alexis Mountain Suite 133,Ralphborough,Kentucky,64855,-100.181490,-7.9115505
Jason Wright,53,130 Murray Flat Suite 929,New Taylorfort,Massachusetts,72558,-140.191678,17.2314005
Charlotte Chen,54,3642 Dickson Skyway,Rodrigueztown,Michigan,94322,-17.129949,-9.2944115
Christopher Dunn,73,554 Sara Ville,Robertsonborough,Mississippi,06837,-75.042290,-53.742943
Bonnie Cardenas,53,1215 Shari Field,Vargaschester,Massachusetts,03430,49.306366,11.099962
Elizabeth Martin,64,74346 Melanie Key Apt. 585,Samanthamouth,Nevada,95212,20.772047,-60.102411
Carlos Cole,37,42990 Miller Ridges Apt. 870,Port Ricky,South Carolina,16071,138.971563,19.453555
Erin Rivers,27,20168 Seth Ford Suite 491,Karentown,Oregon,00885,-21.127445,14.5884345
Samantha Skinner,20,26418 Anne Park Suite 627,Matthewmouth,New Mexico,55786,21.483966,18.874481
John Fischer,78,716 Sydney Mountain Apt. 056,Greeneborough,Massachusetts,94616,-175.844298,45.256658
Kyle Benson,44,2114 Nicole Centers Apt. 315,South Carolshire,Indiana,37940,-160.099212,-55.923777
Sabrina Brown,33,407 Jimenez Gateway Apt. 825,Brittanyfort,Massachusetts,28966,-29.512436,-35.9597835
Mr. Daniel Hood MD,72,93331 Lane Extensions Suite 188,Port Kathleen,New York,16273,132.857530,85.750295
David Martin,64,8028 Kimberly Cape Apt. 308,New Allison,Wisconsin,75407,167.884300,-65.129085
Denise Knight,72,2164 Desiree Forks,Myersport,Texas,20463,46.023363,55.848592
Devin Burton,75,864 Rhodes Mountains Suite 605,North Justin,Oklahoma,06033,82.177711,-72.869976
David Hendrix,47,424 Lewis Loaf Apt. 367,North Chloeport,Pennsylvania,56480,118.136906,61.7863865
Stephanie Mendoza,77,25333 Soto Underpass Suite 190,New Janicetown,North Carolina,29968,174.235413,-12.607748
Barbara White,27,82602 Frazier Views,Daviston,North Dakota,09669,79.977326,-41.6097165
Mia Coleman,53,48884 Tyler Springs Apt. 102,Jeffreyview,Alabama,94545,-82.050571,17.821515
Susan Cabrera,65,8122 Reynolds Spur,Watsonton,Missouri,46223,-92.466029,69.834813
Erica Mendez,55,15269 Christine Mountain,Solomonberg,California,65778,94.498591,-87.121727
Shelby Dawson,58,988 James Shores,South Alvinside,Iowa,22050,5.116281,10.744238
Robert Guzman,25,011 Andrea Field Suite 064,Timothyborough,Alaska,06655,53.348946,32.5802055
Shelly Henderson,47,220 Oneal Pass Apt. 169,Timothyland,Hawaii,80768,172.132382,1.5356515
Angela Terry,18,474 Stout Road Apt. 785,Wilsonview,Indiana,93564,-174.872632,-57.0653925
Anthony Jones,23,39862 Velasquez Locks Apt. 048,South Marthaview,Indiana,79221,-3.409700,-65.904111
Tom Anderson,49,69132 Denise Stream,East Lawrence,West Virginia,93545,-179.640460,64.788557
Stacey Bailey,43,60249 Ramirez Village Suite 960,Moralesstad,Rhode Island,69990,-161.757268,43.963715
Sandra Miles,71,326 David Freeway Apt. 847,East William,Washington,82909,163.953448,1.8874645
Kristen Bradshaw,58,51100 Smith Plains,New Briannaside,Kentucky,50326,19.452415,-48.552230
Melissa Patterson,48,989 Peter Highway,Lake Kathleen,Montana,94054,45.903269,-73.328324
Crystal Hill,26,485 Paul Mountains,Kevinton,Florida,05675,-1.648920,44.9639945
Cynthia Chambers,18,8893 Robert Ranch,Lake Moniquetown,Florida,23557,131.989131,13.2682095
Sandra Stark,70,47814 Moore Run Suite 278,East Scottbury,Alabama,21972,46.314221,-0.5830685
Christian Cooper,73,820 Cindy Fords,Nathanside,Texas,90446,-18.391078,-0.6955585
James Gibson,53,79964 Hood Dam,Riosville,Nevada,04809,-80.727976,-3.5433545
Teresa Beard,30,1443 Cline Expressway Suite 470,East Markstad,Minnesota,83032,-84.277864,-75.714544
Jerry Booth,54,721 Tate Fork Suite 687,Jamesville,New Hampshire,24987,8.396120,45.3320325
Julie Taylor DDS,77,600 Jeffery Groves Suite 523,Stevenstown,Montana,18036,97.082021,-60.650366
John Garcia,53,5392 Houston Unions,Brooksfort,Georgia,95979,128.410022,-67.5237905
Loretta Morgan,69,62122 Harrison River Apt. 944,Ryanberg,Georgia,15801,-47.285573,59.697676
Mrs. Martha Mcclure,79,97196 Franklin Corners Suite 630,Jenkinsbury,Oregon,28618,-60.448580,20.151522
Dr. Catherine Patel,22,0669 Brandon Locks,Spencerland,Iowa,43281,9.266332,49.4014905
Jason Martinez,48,492 Jennifer Harbor,Brookston,Montana,93957,116.101832,-1.0624785
Mrs. Helen Carroll,34,09729 Jeremy Walks Apt. 849,Evansborough,Illinois,26031,14.854589,-45.0837765
Keith Gallegos,61,0948 May Track Apt. 870,Ashleyborough,Delaware,96104,135.985982,64.8783625
Jessica Brooks,20,44775 Ballard Expressway Suite 780,South April,Arizona,51804,-42.080500,25.524725
Stephanie Hernandez,33,47766 Andrews Light,Marytown,New Mexico,34515,104.573745,18.9939535
Sierra Trujillo,38,861 Matthew Burgs Apt. 997,South Vanessa,Alaska,14700,-62.922262,14.7544505
Darlene Hayes,26,830 Robin Hills,Carriefort,Arizona,45677,-83.811446,55.8386045
John Gonzalez,58,675 Flores Haven,East Rodney,Oklahoma,91217,-60.395244,76.880267
Nicholas Jones,46,08635 Michael Landing Suite 690,Pamelamouth,Tennessee,51969,6.507327,-70.9715405
